Documento;Situação;Órgão;Valor;Data
DOC000000;APROVADO;Operações;8198,07;15/09/2026
DOC000001;EM ANALISE;Operações;6037,84;21/03/2026
DOC000002;RECUSADO;Operações;7127,98;05/03/2026
DOC000003;PENDENTE;Auditoria;8099,48;12/05/2026
DOC000004;RECUSADO;Auditoria;7433,32;22/08/2026
DOC000005;RECUSADO;Diretoria;7930,26;20/02/2026
DOC000006;PENDENTE;Auditoria;2899,57;18/08/2026
DOC000007;PENDENTE;Diretoria;5862,27;09/09/2026
DOC000008;APROVADO;Diretoria;1416,43;17/09/2026
DOC000009;PENDENTE;Operações;2726,01;08/04/2026
DOC000010;PENDENTE;Diretoria;3668,27;16/05/2026
DOC000011;RECUSADO;Operações;2997,68;12/03/2026
DOC000012;EM ANALISE;Auditoria;7678,74;01/01/2026
DOC000013;EM ANALISE;Auditoria;266,66;10/04/2026
DOC000014;EM ANALISE;Auditoria;7865,83;10/02/2026
DOC000015;RECUSADO;Auditoria;6316,70;02/03/2026
DOC000016;RECUSADO;Auditoria;4639,21;19/07/2026
DOC000017;RECUSADO;Diretoria;7730,75;06/06/2026
DOC000018;EM ANALISE;Auditoria;2168,81;04/03/2026
DOC000019;RECUSADO;Diretoria;4571,58;16/08/2026
DOC000020;APROVADO;Diretoria;3183,29;20/06/2026
DOC000021;RECUSADO;Operações;684,44;16/08/2026
DOC000022;APROVADO;Operações;4702,44;25/04/2026
DOC000023;APROVADO;Diretoria;4456,01;11/06/2026
DOC000024;RECUSADO;Diretoria;2911,90;13/01/2026
DOC000025;EM ANALISE;Diretoria;6900,76;15/07/2026
DOC000026;PENDENTE;Auditoria;3850,22;09/05/2026
DOC000027;EM ANALISE;Operações;4584,09;23/07/2026
DOC000028;APROVADO;Auditoria;6214,90;06/04/2026
DOC000029;EM ANALISE;Operações;2483,04;17/05/2026
DOC000030;EM ANALISE;Operações;230,92;22/06/2026
DOC000031;EM ANALISE;Diretoria;7798,28;17/04/2026
DOC000032;EM ANALISE;Auditoria;1266,38;01/01/2026
DOC000033;APROVADO;Auditoria;8092,87;04/04/2026
DOC000034;RECUSADO;Auditoria;1026,14;14/07/2026
DOC000035;RECUSADO;Auditoria;6947,01;06/09/2026
DOC000036;EM ANALISE;Auditoria;7800,74;21/05/2026
DOC000037;PENDENTE;Auditoria;3876,11;10/03/2026
DOC000038;PENDENTE;Auditoria;1591,76;27/09/2026
DOC000039;EM ANALISE;Operações;7338,05;10/06/2026
DOC000040;APROVADO;Operações;243,07;09/08/2026
DOC000041;APROVADO;Operações;5982,38;24/07/2026
DOC000042;APROVADO;Auditoria;7343,37;08/04/2026
DOC000043;EM ANALISE;Diretoria;952,56;24/09/2026
DOC000044;PENDENTE;Diretoria;8166,06;05/01/2026
DOC000045;EM ANALISE;Operações;1971,01;22/01/2026
DOC000046;EM ANALISE;Diretoria;4623,83;14/04/2026
DOC000047;RECUSADO;Diretoria;6117,95;22/05/2026
DOC000048;EM ANALISE;Operações;5078,05;08/09/2026
DOC000049;PENDENTE;Diretoria;1945,43;04/08/2026
DOC000050;EM ANALISE;Auditoria;3777,68;08/08/2026
DOC000051;APROVADO;Operações;1282,52;02/03/2026
DOC000052;APROVADO;Operações;6994,63;28/07/2026
DOC000053;PENDENTE;Operações;4506,54;05/04/2026
DOC000054;RECUSADO;Auditoria;1125,59;01/06/2026
DOC000055;PENDENTE;Auditoria;7800,39;14/07/2026
DOC000056;PENDENTE;Diretoria;7669,37;14/04/2026
DOC000057;RECUSADO;Operações;6331,09;12/03/2026
DOC000058;RECUSADO;Diretoria;5169,53;18/05/2026
DOC000059;EM ANALISE;Auditoria;5895,03;01/04/2026
DOC000060;EM ANALISE;Operações;3587,95;05/04/2026
DOC000061;RECUSADO;Auditoria;168,25;20/02/2026
DOC000062;PENDENTE;Diretoria;8137,35;17/01/2026
DOC000063;EM ANALISE;Auditoria;6133,14;11/08/2026
DOC000064;APROVADO;Operações;208,06;27/09/2026
DOC000065;APROVADO;Operações;846,14;26/08/2026
DOC000066;APROVADO;Diretoria;4192,97;05/04/2026
DOC000067;EM ANALISE;Operações;7696,17;16/09/2026
DOC000068;APROVADO;Diretoria;902,48;13/03/2026
DOC000069;PENDENTE;Auditoria;833,91;25/09/2026
DOC000070;PENDENTE;Operações;1405,36;14/04/2026
DOC000071;PENDENTE;Operações;3588,06;01/08/2026
DOC000072;EM ANALISE;Operações;2586,24;02/09/2026
DOC000073;RECUSADO;Auditoria;3474,67;16/04/2026
DOC000074;RECUSADO;Auditoria;8095,02;11/04/2026
DOC000075;EM ANALISE;Auditoria;5034,41;06/04/2026
DOC000076;PENDENTE;Diretoria;3596,39;04/01/2026
DOC000077;PENDENTE;Auditoria;2648,54;18/07/2026
DOC000078;RECUSADO;Operações;3404,06;24/01/2026
DOC000079;APROVADO;Diretoria;6611,56;26/04/2026
DOC000080;PENDENTE;Auditoria;3712,77;18/03/2026
DOC000081;RECUSADO;Diretoria;4052,76;06/04/2026
DOC000082;PENDENTE;Diretoria;286,79;22/08/2026
DOC000083;EM ANALISE;Operações;7153,76;18/02/2026
DOC000084;RECUSADO;Auditoria;4984,58;17/06/2026
DOC000085;PENDENTE;Operações;2035,05;16/08/2026
DOC000086;PENDENTE;Diretoria;6532,97;05/06/2026
DOC000087;EM ANALISE;Diretoria;4686,87;05/07/2026
DOC000088;RECUSADO;Diretoria;4135,36;10/04/2026
DOC000089;EM ANALISE;Auditoria;7724,25;22/09/2026
DOC000090;RECUSADO;Diretoria;1719,46;10/05/2026
DOC000091;APROVADO;Operações;2791,45;07/04/2026
DOC000092;PENDENTE;Diretoria;1279,59;02/03/2026
DOC000093;RECUSADO;Diretoria;1987,52;07/01/2026
DOC000094;RECUSADO;Auditoria;4428,39;02/01/2026
DOC000095;RECUSADO;Diretoria;3517,04;01/04/2026
DOC000096;RECUSADO;Operações;47,23;03/02/2026
DOC000097;EM ANALISE;Diretoria;7140,15;04/08/2026
DOC000098;PENDENTE;Diretoria;6461,87;09/02/2026
DOC000099;RECUSADO;Diretoria;1397,05;03/05/2026
DOC000100;RECUSADO;Diretoria;4791,38;09/04/2026
DOC000101;PENDENTE;Diretoria;8241,43;25/05/2026
DOC000102;RECUSADO;Operações;4169,66;04/05/2026
DOC000103;RECUSADO;Auditoria;1048,49;11/01/2026
DOC000104;EM ANALISE;Auditoria;7365,83;04/08/2026
DOC000105;EM ANALISE;Diretoria;8214,82;13/07/2026
DOC000106;EM ANALISE;Diretoria;1487,49;26/09/2026
DOC000107;APROVADO;Diretoria;2109,27;28/01/2026
DOC000108;EM ANALISE;Operações;5550,74;02/03/2026
DOC000109;PENDENTE;Diretoria;3350,37;13/08/2026
DOC000110;PENDENTE;Diretoria;2875,16;02/05/2026
DOC000111;RECUSADO;Diretoria;7748,11;19/07/2026
DOC000112;RECUSADO;Diretoria;1590,71;09/01/2026
DOC000113;RECUSADO;Diretoria;2433,70;07/09/2026
DOC000114;RECUSADO;Operações;7261,13;12/06/2026
DOC000115;RECUSADO;Operações;4178,82;15/02/2026
DOC000116;PENDENTE;Diretoria;3323,64;11/07/2026
DOC000117;APROVADO;Operações;3192,47;28/01/2026
DOC000118;RECUSADO;Operações;180,26;22/06/2026
DOC000119;EM ANALISE;Diretoria;1495,02;05/08/2026
DOC000120;RECUSADO;Operações;721,20;21/08/2026
DOC000121;RECUSADO;Operações;5257,09;19/08/2026
DOC000122;PENDENTE;Auditoria;8179,57;11/04/2026
DOC000123;APROVADO;Auditoria;1937,50;13/06/2026
DOC000124;PENDENTE;Auditoria;554,23;12/05/2026
DOC000125;PENDENTE;Operações;8110,87;06/01/2026
DOC000126;RECUSADO;Diretoria;175,86;13/02/2026
DOC000127;APROVADO;Auditoria;1466,59;26/01/2026
DOC000128;PENDENTE;Diretoria;3701,40;07/05/2026
DOC000129;APROVADO;Diretoria;8175,67;13/04/2026
DOC000130;APROVADO;Auditoria;4088,77;27/05/2026
DOC000131;APROVADO;Operações;4707,52;15/02/2026
DOC000132;PENDENTE;Operações;4121,39;28/05/2026
DOC000133;PENDENTE;Auditoria;1388,24;26/02/2026
DOC000134;APROVADO;Diretoria;63,81;14/04/2026
DOC000135;PENDENTE;Auditoria;5562,41;11/06/2026
DOC000136;RECUSADO;Operações;4527,00;07/06/2026
DOC000137;APROVADO;Auditoria;6680,01;22/05/2026
DOC000138;PENDENTE;Operações;8333,68;17/03/2026
DOC000139;EM ANALISE;Diretoria;458,52;06/08/2026
DOC000140;EM ANALISE;Auditoria;6273,62;14/03/2026
DOC000141;PENDENTE;Diretoria;5568,93;10/02/2026
DOC000142;EM ANALISE;Auditoria;4038,56;12/08/2026
DOC000143;APROVADO;Diretoria;2765,83;09/09/2026
DOC000144;APROVADO;Auditoria;7041,79;04/06/2026
DOC000145;APROVADO;Auditoria;5453,33;19/06/2026
DOC000146;RECUSADO;Operações;6537,74;16/09/2026
DOC000147;APROVADO;Operações;8287,31;19/02/2026
DOC000148;PENDENTE;Auditoria;1062,17;08/07/2026
DOC000149;RECUSADO;Auditoria;436,41;24/06/2026
DOC000150;EM ANALISE;Diretoria;5728,03;17/02/2026
DOC000151;APROVADO;Operações;8404,68;06/05/2026
DOC000152;PENDENTE;Operações;1461,39;21/01/2026
DOC000153;APROVADO;Diretoria;5393,76;09/08/2026
DOC000154;APROVADO;Operações;590,70;21/09/2026
DOC000155;PENDENTE;Diretoria;2388,49;02/03/2026
DOC000156;EM ANALISE;Diretoria;1120,39;19/08/2026
DOC000157;RECUSADO;Operações;5458,04;13/01/2026
DOC000158;PENDENTE;Operações;7565,86;20/07/2026
DOC000159;PENDENTE;Operações;2701,69;27/04/2026
DOC000160;APROVADO;Operações;5267,97;17/04/2026
DOC000161;PENDENTE;Operações;136,48;14/01/2026
DOC000162;PENDENTE;Auditoria;2702,49;15/05/2026
DOC000163;PENDENTE;Auditoria;7299,08;09/01/2026
DOC000164;PENDENTE;Operações;4387,97;19/01/2026
DOC000165;APROVADO;Auditoria;5801,78;05/08/2026
DOC000166;APROVADO;Operações;4280,95;24/07/2026
DOC000167;PENDENTE;Operações;7409,74;22/08/2026
DOC000168;RECUSADO;Diretoria;357,86;21/03/2026
DOC000169;EM ANALISE;Diretoria;8007,35;04/02/2026
DOC000170;APROVADO;Auditoria;6881,50;26/07/2026
DOC000171;RECUSADO;Diretoria;2397,28;06/01/2026
DOC000172;PENDENTE;Diretoria;4522,13;14/07/2026
DOC000173;EM ANALISE;Diretoria;5746,20;19/06/2026
DOC000174;RECUSADO;Diretoria;1228,64;14/02/2026
DOC000175;RECUSADO;Auditoria;5837,32;19/07/2026
DOC000176;EM ANALISE;Diretoria;5077,32;12/01/2026
DOC000177;RECUSADO;Diretoria;3756,84;13/07/2026
DOC000178;PENDENTE;Auditoria;2303,34;27/04/2026
DOC000179;PENDENTE;Auditoria;4174,14;13/03/2026
DOC000180;RECUSADO;Operações;3315,38;13/01/2026
DOC000181;PENDENTE;Operações;269,32;17/08/2026
DOC000182;RECUSADO;Operações;2283,98;11/01/2026
DOC000183;EM ANALISE;Diretoria;1751,79;17/02/2026
DOC000184;EM ANALISE;Auditoria;5456,19;04/05/2026
DOC000185;PENDENTE;Operações;5244,35;10/04/2026
DOC000186;EM ANALISE;Diretoria;756,51;07/03/2026
DOC000187;RECUSADO;Diretoria;2056,31;25/04/2026
DOC000188;PENDENTE;Operações;1643,35;24/01/2026
DOC000189;APROVADO;Diretoria;2108,63;01/08/2026
DOC000190;PENDENTE;Diretoria;3510,47;26/06/2026
DOC000191;RECUSADO;Operações;3062,63;26/09/2026
DOC000192;PENDENTE;Auditoria;157,63;18/06/2026
DOC000193;RECUSADO;Diretoria;330,35;19/07/2026
DOC000194;PENDENTE;Auditoria;8217,19;18/05/2026
DOC000195;PENDENTE;Diretoria;7982,92;08/09/2026
DOC000196;EM ANALISE;Diretoria;5284,50;11/02/2026
DOC000197;APROVADO;Operações;6344,68;04/01/2026
DOC000198;APROVADO;Operações;3250,49;22/02/2026
DOC000199;APROVADO;Operações;3759,00;08/03/2026
DOC000200;APROVADO;Diretoria;3339,66;09/06/2026
DOC000201;RECUSADO;Auditoria;1279,13;18/05/2026
DOC000202;EM ANALISE;Diretoria;6950,21;06/02/2026
DOC000203;APROVADO;Operações;1516,55;10/04/2026
DOC000204;PENDENTE;Diretoria;3413,66;15/03/2026
DOC000205;PENDENTE;Auditoria;7803,19;03/02/2026
DOC000206;APROVADO;Auditoria;940,81;18/03/2026
DOC000207;APROVADO;Auditoria;1462,15;18/02/2026
DOC000208;PENDENTE;Diretoria;2920,21;03/01/2026
DOC000209;EM ANALISE;Auditoria;1304,72;04/02/2026
DOC000210;APROVADO;Diretoria;272,49;27/02/2026
DOC000211;PENDENTE;Diretoria;2940,38;21/03/2026
DOC000212;PENDENTE;Diretoria;7315,51;08/09/2026
DOC000213;PENDENTE;Auditoria;3395,24;11/04/2026
DOC000214;APROVADO;Diretoria;4774,17;24/01/2026
DOC000215;PENDENTE;Auditoria;1041,88;17/05/2026
DOC000216;RECUSADO;Auditoria;4485,78;15/08/2026
DOC000217;RECUSADO;Operações;7205,32;28/09/2026
DOC000218;EM ANALISE;Auditoria;8355,71;14/08/2026
DOC000219;RECUSADO;Operações;1390,53;09/02/2026
DOC000220;APROVADO;Operações;2508,28;07/04/2026
DOC000221;RECUSADO;Auditoria;4425,34;19/07/2026
DOC000222;EM ANALISE;Operações;2308,23;26/05/2026
DOC000223;EM ANALISE;Auditoria;1399,95;01/07/2026
DOC000224;PENDENTE;Operações;5223,28;11/04/2026
DOC000225;EM ANALISE;Operações;4614,84;23/03/2026
DOC000226;EM ANALISE;Auditoria;6198,28;01/04/2026
DOC000227;EM ANALISE;Diretoria;4832,75;01/04/2026
DOC000228;APROVADO;Diretoria;3034,72;07/03/2026
DOC000229;RECUSADO;Auditoria;1845,75;18/02/2026
DOC000230;PENDENTE;Diretoria;5418,21;05/08/2026
DOC000231;PENDENTE;Auditoria;7742,10;26/05/2026
DOC000232;RECUSADO;Auditoria;1977,62;23/01/2026
DOC000233;PENDENTE;Auditoria;5225,21;22/05/2026
DOC000234;EM ANALISE;Operações;4549,14;12/04/2026
DOC000235;PENDENTE;Diretoria;8074,85;28/09/2026
DOC000236;RECUSADO;Auditoria;8239,73;02/06/2026
DOC000237;RECUSADO;Operações;2446,44;06/01/2026
DOC000238;PENDENTE;Auditoria;3048,89;16/07/2026
DOC000239;RECUSADO;Operações;2317,22;04/08/2026
DOC000240;APROVADO;Auditoria;454,81;25/01/2026
DOC000241;EM ANALISE;Diretoria;2770,85;27/03/2026
DOC000242;RECUSADO;Operações;810,82;02/09/2026
DOC000243;EM ANALISE;Diretoria;2043,38;26/04/2026
DOC000244;RECUSADO;Diretoria;2040,14;03/06/2026
DOC000245;APROVADO;Auditoria;7229,77;18/05/2026
DOC000246;RECUSADO;Auditoria;292,57;14/04/2026
DOC000247;EM ANALISE;Operações;4799,24;12/04/2026
DOC000248;RECUSADO;Operações;5204,33;18/06/2026
DOC000249;PENDENTE;Auditoria;7058,77;23/01/2026
DOC000250;RECUSADO;Operações;3057,92;01/03/2026
DOC000251;APROVADO;Auditoria;6563,79;04/04/2026
DOC000252;APROVADO;Auditoria;6471,01;15/05/2026
DOC000253;PENDENTE;Operações;3878,91;12/09/2026
DOC000254;PENDENTE;Auditoria;8284,79;15/09/2026
DOC000255;EM ANALISE;Operações;1198,36;23/02/2026
DOC000256;EM ANALISE;Diretoria;5370,68;11/02/2026
DOC000257;APROVADO;Operações;2306,77;27/03/2026
DOC000258;APROVADO;Diretoria;3910,22;08/05/2026
DOC000259;PENDENTE;Diretoria;621,14;23/04/2026
DOC000260;RECUSADO;Diretoria;5930,24;24/04/2026
DOC000261;PENDENTE;Operações;6608,92;09/04/2026
DOC000262;APROVADO;Operações;6422,30;07/09/2026
DOC000263;PENDENTE;Operações;2585,17;05/05/2026
DOC000264;PENDENTE;Auditoria;4039,92;22/09/2026
DOC000265;APROVADO;Operações;6057,94;03/04/2026
DOC000266;RECUSADO;Auditoria;5654,57;21/07/2026
DOC000267;APROVADO;Auditoria;2719,11;21/03/2026
DOC000268;APROVADO;Diretoria;7874,60;04/01/2026
DOC000269;PENDENTE;Auditoria;6858,76;04/07/2026
DOC000270;PENDENTE;Diretoria;799,98;06/09/2026
DOC000271;EM ANALISE;Diretoria;1206,20;10/05/2026
DOC000272;EM ANALISE;Diretoria;1098,07;07/08/2026
DOC000273;EM ANALISE;Diretoria;4970,63;06/03/2026
DOC000274;RECUSADO;Auditoria;6122,50;07/05/2026
DOC000275;RECUSADO;Diretoria;7858,85;13/08/2026
DOC000276;APROVADO;Operações;7681,57;05/08/2026
DOC000277;EM ANALISE;Diretoria;5575,27;08/08/2026
DOC000278;RECUSADO;Auditoria;5853,72;01/05/2026
DOC000279;RECUSADO;Operações;2214,15;18/08/2026
DOC000280;PENDENTE;Operações;1177,58;17/04/2026
DOC000281;EM ANALISE;Diretoria;1992,16;01/03/2026
DOC000282;PENDENTE;Diretoria;8129,12;26/03/2026
DOC000283;PENDENTE;Operações;6550,94;14/09/2026
DOC000284;EM ANALISE;Diretoria;323,17;22/08/2026
DOC000285;EM ANALISE;Diretoria;6653,90;13/08/2026
DOC000286;PENDENTE;Diretoria;5832,94;16/04/2026
DOC000287;APROVADO;Operações;725,21;14/06/2026
DOC000288;APROVADO;Operações;3285,97;08/05/2026
DOC000289;EM ANALISE;Auditoria;165,49;21/02/2026
DOC000290;APROVADO;Auditoria;4547,38;03/05/2026
DOC000291;PENDENTE;Diretoria;4673,57;06/07/2026
DOC000292;EM ANALISE;Diretoria;3609,66;24/05/2026
DOC000293;RECUSADO;Operações;216,82;03/05/2026
DOC000294;PENDENTE;Diretoria;1357,18;07/02/2026
DOC000295;APROVADO;Auditoria;5392,12;05/03/2026
DOC000296;RECUSADO;Diretoria;2398,72;07/02/2026
DOC000297;EM ANALISE;Operações;2432,73;22/05/2026
DOC000298;APROVADO;Auditoria;7554,25;07/05/2026
DOC000299;PENDENTE;Auditoria;820,76;04/09/2026
DOC000300;APROVADO;Auditoria;4716,62;27/08/2026
DOC000301;RECUSADO;Diretoria;3105,46;15/08/2026
DOC000302;RECUSADO;Auditoria;3122,93;27/01/2026
DOC000303;PENDENTE;Operações;1120,38;12/07/2026
DOC000304;APROVADO;Operações;6193,89;24/02/2026
DOC000305;EM ANALISE;Auditoria;745,35;24/09/2026
DOC000306;EM ANALISE;Auditoria;425,14;02/04/2026
DOC000307;PENDENTE;Auditoria;4636,63;20/04/2026
DOC000308;RECUSADO;Operações;2934,84;11/07/2026
DOC000309;PENDENTE;Diretoria;271,11;01/08/2026
DOC000310;APROVADO;Operações;2163,89;22/02/2026
DOC000311;RECUSADO;Auditoria;3923,55;18/02/2026
DOC000312;PENDENTE;Diretoria;5706,75;04/04/2026
DOC000313;APROVADO;Diretoria;5685,11;26/05/2026
DOC000314;EM ANALISE;Operações;7907,29;13/06/2026
DOC000315;APROVADO;Auditoria;2649,98;04/01/2026
DOC000316;PENDENTE;Auditoria;4460,54;04/03/2026
DOC000317;EM ANALISE;Diretoria;6185,33;19/09/2026
DOC000318;EM ANALISE;Diretoria;5281,45;06/06/2026
DOC000319;PENDENTE;Diretoria;6833,01;01/07/2026
DOC000320;PENDENTE;Operações;5677,61;23/05/2026
DOC000321;RECUSADO;Diretoria;5507,19;11/09/2026
DOC000322;RECUSADO;Diretoria;6323,41;19/02/2026
DOC000323;EM ANALISE;Operações;4021,47;08/04/2026
DOC000324;RECUSADO;Operações;8393,00;19/07/2026
DOC000325;RECUSADO;Auditoria;8100,70;14/08/2026
DOC000326;EM ANALISE;Diretoria;3557,66;02/08/2026
DOC000327;PENDENTE;Diretoria;2634,84;27/05/2026
DOC000328;EM ANALISE;Diretoria;1689,52;22/09/2026
DOC000329;EM ANALISE;Diretoria;4572,77;06/07/2026
DOC000330;PENDENTE;Diretoria;6207,32;18/02/2026
DOC000331;EM ANALISE;Operações;2177,02;12/04/2026
DOC000332;PENDENTE;Operações;8302,97;16/05/2026
DOC000333;EM ANALISE;Operações;5912,07;19/02/2026
DOC000334;EM ANALISE;Operações;7189,01;07/02/2026
DOC000335;APROVADO;Operações;2342,71;03/05/2026
DOC000336;RECUSADO;Auditoria;3461,97;05/01/2026
DOC000337;PENDENTE;Operações;6825,46;05/08/2026
DOC000338;PENDENTE;Diretoria;2541,38;06/03/2026
DOC000339;EM ANALISE;Operações;2863,61;10/02/2026
DOC000340;RECUSADO;Auditoria;6004,44;02/07/2026
DOC000341;APROVADO;Diretoria;7802,10;17/03/2026
DOC000342;APROVADO;Diretoria;5145,22;27/04/2026
DOC000343;RECUSADO;Diretoria;5387,94;09/05/2026
DOC000344;RECUSADO;Operações;1901,86;08/08/2026
DOC000345;PENDENTE;Auditoria;4787,48;26/01/2026
DOC000346;RECUSADO;Auditoria;7275,27;16/07/2026
DOC000347;RECUSADO;Auditoria;672,69;18/05/2026
DOC000348;APROVADO;Auditoria;3543,52;24/09/2026
DOC000349;RECUSADO;Diretoria;1250,03;11/09/2026
DOC000350;APROVADO;Diretoria;6497,28;21/02/2026
DOC000351;PENDENTE;Diretoria;5167,45;01/07/2026
DOC000352;EM ANALISE;Diretoria;3187,94;28/08/2026
DOC000353;APROVADO;Operações;2866,48;17/03/2026
DOC000354;APROVADO;Operações;2122,42;03/05/2026
DOC000355;PENDENTE;Auditoria;50,33;28/05/2026
DOC000356;PENDENTE;Auditoria;1111,15;18/09/2026
DOC000357;EM ANALISE;Auditoria;7067,01;27/09/2026
DOC000358;APROVADO;Operações;5677,66;07/02/2026
DOC000359;APROVADO;Auditoria;7065,45;09/02/2026
DOC000360;APROVADO;Auditoria;879,23;12/06/2026
DOC000361;EM ANALISE;Operações;3501,18;23/06/2026
DOC000362;PENDENTE;Auditoria;6292,32;21/06/2026
DOC000363;APROVADO;Operações;5193,51;15/09/2026
DOC000364;PENDENTE;Auditoria;1856,12;02/04/2026
DOC000365;PENDENTE;Operações;2342,56;04/06/2026
DOC000366;APROVADO;Operações;4704,26;25/05/2026
DOC000367;PENDENTE;Auditoria;284,96;25/08/2026
DOC000368;EM ANALISE;Operações;3016,79;19/08/2026
DOC000369;PENDENTE;Diretoria;4551,09;17/06/2026
DOC000370;APROVADO;Auditoria;2498,42;28/05/2026
DOC000371;PENDENTE;Diretoria;1346,22;27/01/2026
DOC000372;EM ANALISE;Diretoria;7431,05;14/06/2026
DOC000373;RECUSADO;Diretoria;700,73;12/01/2026
DOC000374;EM ANALISE;Diretoria;8272,18;11/02/2026
DOC000375;APROVADO;Operações;2875,74;03/09/2026
DOC000376;EM ANALISE;Operações;2994,91;15/07/2026
DOC000377;EM ANALISE;Diretoria;6885,74;12/06/2026
DOC000378;PENDENTE;Diretoria;5452,64;28/02/2026
DOC000379;EM ANALISE;Auditoria;1532,68;22/05/2026
DOC000380;EM ANALISE;Auditoria;6602,26;25/05/2026
DOC000381;APROVADO;Diretoria;116,17;23/02/2026
DOC000382;EM ANALISE;Operações;7061,51;10/02/2026
DOC000383;EM ANALISE;Diretoria;1009,19;11/03/2026
DOC000384;EM ANALISE;Diretoria;581,55;09/08/2026
DOC000385;APROVADO;Operações;4403,86;17/06/2026
DOC000386;RECUSADO;Auditoria;6433,84;09/08/2026
DOC000387;APROVADO;Diretoria;1512,19;20/04/2026
DOC000388;EM ANALISE;Operações;6158,84;04/04/2026
DOC000389;RECUSADO;Diretoria;4923,05;19/09/2026
DOC000390;RECUSADO;Operações;1861,19;05/06/2026
DOC000391;EM ANALISE;Operações;4110,98;06/07/2026
DOC000392;PENDENTE;Auditoria;3329,67;22/04/2026
DOC000393;APROVADO;Operações;1919,33;18/04/2026
DOC000394;APROVADO;Operações;487,55;12/09/2026
DOC000395;RECUSADO;Auditoria;4862,30;04/04/2026
DOC000396;APROVADO;Diretoria;2028,06;19/01/2026
DOC000397;PENDENTE;Operações;4684,71;19/04/2026
DOC000398;APROVADO;Operações;6436,52;27/04/2026
DOC000399;RECUSADO;Diretoria;1103,55;27/05/2026
DOC000400;APROVADO;Auditoria;1363,27;02/03/2026
DOC000401;RECUSADO;Operações;4871,21;10/08/2026
DOC000402;RECUSADO;Diretoria;7440,02;07/01/2026
DOC000403;APROVADO;Auditoria;7877,41;08/06/2026
DOC000404;PENDENTE;Auditoria;7027,77;15/08/2026
DOC000405;PENDENTE;Auditoria;7485,75;16/07/2026
DOC000406;APROVADO;Diretoria;7787,40;11/04/2026
DOC000407;APROVADO;Auditoria;4649,34;04/07/2026
DOC000408;RECUSADO;Operações;6044,86;08/09/2026
DOC000409;APROVADO;Diretoria;5843,37;01/05/2026
DOC000410;EM ANALISE;Diretoria;4395,23;23/08/2026
DOC000411;EM ANALISE;Auditoria;6537,04;02/06/2026
DOC000412;PENDENTE;Operações;1430,94;16/03/2026
DOC000413;PENDENTE;Operações;6165,01;26/02/2026
DOC000414;RECUSADO;Operações;4959,21;07/03/2026
DOC000415;PENDENTE;Auditoria;981,07;05/09/2026
DOC000416;PENDENTE;Operações;411,84;27/04/2026
DOC000417;PENDENTE;Auditoria;7532,87;08/07/2026
DOC000418;EM ANALISE;Diretoria;1876,77;09/08/2026
DOC000419;PENDENTE;Auditoria;7698,40;15/09/2026
DOC000420;EM ANALISE;Diretoria;6265,74;16/04/2026
DOC000421;PENDENTE;Diretoria;8035,32;11/01/2026
DOC000422;APROVADO;Operações;4203,49;11/03/2026
DOC000423;RECUSADO;Operações;1723,96;13/07/2026
DOC000424;EM ANALISE;Auditoria;6708,73;09/03/2026
DOC000425;PENDENTE;Operações;1129,43;08/06/2026
DOC000426;RECUSADO;Auditoria;2591,45;05/05/2026
DOC000427;APROVADO;Operações;312,77;05/05/2026
DOC000428;PENDENTE;Diretoria;4562,91;25/04/2026
DOC000429;RECUSADO;Operações;5938,95;28/01/2026
DOC000430;EM ANALISE;Operações;3267,18;24/07/2026
DOC000431;RECUSADO;Diretoria;6929,38;03/04/2026
DOC000432;PENDENTE;Operações;3758,82;11/06/2026
DOC000433;RECUSADO;Auditoria;6078,44;19/03/2026
DOC000434;RECUSADO;Auditoria;5842,28;11/09/2026
DOC000435;RECUSADO;Diretoria;7545,92;01/05/2026
DOC000436;PENDENTE;Auditoria;6280,60;12/02/2026
DOC000437;RECUSADO;Diretoria;6685,16;24/08/2026
DOC000438;PENDENTE;Auditoria;3776,22;19/01/2026
DOC000439;APROVADO;Auditoria;3875,60;04/01/2026
DOC000440;PENDENTE;Auditoria;6390,74;06/08/2026
DOC000441;PENDENTE;Auditoria;4489,95;22/07/2026
DOC000442;PENDENTE;Auditoria;6005,45;13/06/2026
DOC000443;APROVADO;Auditoria;6475,86;25/03/2026
DOC000444;APROVADO;Auditoria;2783,69;18/01/2026
DOC000445;APROVADO;Auditoria;1125,80;04/06/2026
DOC000446;EM ANALISE;Auditoria;2288,31;16/07/2026
DOC000447;APROVADO;Operações;2575,34;25/04/2026
DOC000448;RECUSADO;Diretoria;6364,80;28/08/2026
DOC000449;APROVADO;Operações;3831,02;07/05/2026
DOC000450;RECUSADO;Diretoria;2041,67;27/03/2026
DOC000451;EM ANALISE;Auditoria;3262,76;21/08/2026
DOC000452;PENDENTE;Auditoria;4199,02;04/06/2026
DOC000453;PENDENTE;Operações;4872,76;01/03/2026
DOC000454;PENDENTE;Diretoria;4058,82;17/04/2026
DOC000455;APROVADO;Auditoria;7764,01;27/03/2026
DOC000456;APROVADO;Diretoria;7636,10;23/02/2026
DOC000457;EM ANALISE;Operações;5611,66;08/06/2026
DOC000458;EM ANALISE;Auditoria;7769,89;26/08/2026
DOC000459;APROVADO;Auditoria;2631,97;25/03/2026
DOC000460;PENDENTE;Diretoria;3265,72;27/07/2026
DOC000461;EM ANALISE;Operações;1757,36;18/04/2026
DOC000462;RECUSADO;Diretoria;1225,32;05/04/2026
DOC000463;APROVADO;Diretoria;1840,13;03/07/2026
DOC000464;RECUSADO;Operações;1216,74;07/09/2026
DOC000465;PENDENTE;Operações;7178,24;07/09/2026
DOC000466;APROVADO;Operações;6461,16;11/05/2026
DOC000467;EM ANALISE;Operações;1651,11;23/03/2026
DOC000468;EM ANALISE;Operações;844,50;16/07/2026
DOC000469;APROVADO;Operações;6980,59;02/05/2026
DOC000470;PENDENTE;Operações;811,61;04/08/2026
DOC000471;PENDENTE;Diretoria;143,05;18/04/2026
DOC000472;PENDENTE;Auditoria;1582,59;08/01/2026
DOC000473;EM ANALISE;Operações;5472,25;14/06/2026
DOC000474;PENDENTE;Diretoria;3532,39;01/08/2026
DOC000475;APROVADO;Diretoria;7744,22;13/01/2026
DOC000476;EM ANALISE;Diretoria;1378,75;17/06/2026
DOC000477;PENDENTE;Operações;865,40;01/08/2026
DOC000478;EM ANALISE;Diretoria;4215,49;10/03/2026
DOC000479;RECUSADO;Diretoria;5395,87;24/08/2026
DOC000480;APROVADO;Diretoria;1923,77;06/07/2026
DOC000481;APROVADO;Auditoria;801,97;13/06/2026
DOC000482;APROVADO;Diretoria;7513,82;12/01/2026
DOC000483;RECUSADO;Auditoria;6476,01;13/01/2026
DOC000484;PENDENTE;Diretoria;5767,07;21/09/2026
DOC000485;RECUSADO;Auditoria;4441,42;14/08/2026
DOC000486;RECUSADO;Auditoria;1941,15;22/09/2026
DOC000487;RECUSADO;Diretoria;7086,22;12/04/2026
DOC000488;EM ANALISE;Auditoria;2796,33;22/04/2026
DOC000489;EM ANALISE;Operações;3524,45;15/02/2026
DOC000490;PENDENTE;Diretoria;4394,52;23/07/2026
DOC000491;EM ANALISE;Operações;8055,56;05/01/2026
DOC000492;RECUSADO;Diretoria;2896,05;04/02/2026
DOC000493;RECUSADO;Operações;6360,29;19/05/2026
DOC000494;RECUSADO;Auditoria;817,33;23/05/2026
DOC000495;APROVADO;Diretoria;5063,27;10/07/2026
DOC000496;EM ANALISE;Diretoria;5333,33;27/08/2026
DOC000497;PENDENTE;Operações;6821,99;25/04/2026
DOC000498;EM ANALISE;Auditoria;539,57;15/02/2026
DOC000499;PENDENTE;Diretoria;5471,10;14/05/2026
DOC000500;RECUSADO;Auditoria;2779,51;07/05/2026
DOC000501;EM ANALISE;Diretoria;1615,38;16/05/2026
DOC000502;PENDENTE;Diretoria;771,37;26/06/2026
DOC000503;EM ANALISE;Operações;5880,74;27/04/2026
DOC000504;APROVADO;Operações;4542,68;01/04/2026
DOC000505;PENDENTE;Auditoria;361,27;06/08/2026
DOC000506;EM ANALISE;Operações;3236,05;23/08/2026
DOC000507;APROVADO;Auditoria;3844,17;08/06/2026
DOC000508;APROVADO;Diretoria;4103,22;11/06/2026
DOC000509;APROVADO;Operações;2828,60;20/08/2026
DOC000510;PENDENTE;Diretoria;4016,45;17/03/2026
DOC000511;APROVADO;Operações;3176,90;08/09/2026
DOC000512;RECUSADO;Diretoria;1393,29;04/08/2026
DOC000513;PENDENTE;Auditoria;1687,71;20/02/2026
DOC000514;EM ANALISE;Diretoria;3446,71;23/04/2026
DOC000515;APROVADO;Diretoria;8310,10;13/01/2026
DOC000516;EM ANALISE;Diretoria;314,42;11/05/2026
DOC000517;APROVADO;Operações;8402,21;28/09/2026
DOC000518;RECUSADO;Auditoria;4972,34;04/02/2026
DOC000519;PENDENTE;Operações;5394,05;02/06/2026
DOC000520;PENDENTE;Operações;2476,30;24/02/2026
DOC000521;PENDENTE;Auditoria;1948,87;09/05/2026
DOC000522;PENDENTE;Diretoria;5432,25;03/08/2026
DOC000523;PENDENTE;Operações;944,06;27/03/2026
DOC000524;APROVADO;Auditoria;7421,74;15/01/2026
DOC000525;RECUSADO;Diretoria;5573,14;17/08/2026
DOC000526;PENDENTE;Diretoria;2682,79;19/09/2026
DOC000527;PENDENTE;Auditoria;1834,23;09/05/2026
DOC000528;PENDENTE;Auditoria;3002,59;25/05/2026
DOC000529;PENDENTE;Auditoria;7531,67;23/09/2026
DOC000530;APROVADO;Operações;4284,54;25/02/2026
DOC000531;EM ANALISE;Auditoria;7208,26;02/03/2026
DOC000532;RECUSADO;Auditoria;8072,42;10/06/2026
DOC000533;APROVADO;Auditoria;5377,25;21/04/2026
DOC000534;APROVADO;Diretoria;4492,29;26/09/2026
DOC000535;EM ANALISE;Operações;2071,65;10/07/2026
DOC000536;RECUSADO;Operações;4939,18;04/02/2026
DOC000537;APROVADO;Diretoria;3428,81;18/07/2026
DOC000538;RECUSADO;Operações;235,55;18/08/2026
DOC000539;EM ANALISE;Diretoria;1923,44;12/09/2026
DOC000540;EM ANALISE;Operações;273,34;08/02/2026
DOC000541;EM ANALISE;Diretoria;1937,51;15/05/2026
DOC000542;EM ANALISE;Diretoria;8352,92;13/05/2026
DOC000543;PENDENTE;Diretoria;1285,26;25/09/2026
DOC000544;PENDENTE;Diretoria;6968,56;06/02/2026
DOC000545;RECUSADO;Operações;3761,41;05/08/2026
DOC000546;EM ANALISE;Auditoria;5315,93;01/07/2026
DOC000547;PENDENTE;Auditoria;5144,76;07/03/2026
DOC000548;APROVADO;Diretoria;4748,98;21/09/2026
DOC000549;PENDENTE;Auditoria;475,53;16/01/2026
DOC000550;EM ANALISE;Auditoria;708,84;21/01/2026
DOC000551;EM ANALISE;Operações;7342,55;06/07/2026
DOC000552;RECUSADO;Diretoria;237,47;08/08/2026
DOC000553;APROVADO;Auditoria;1791,31;15/03/2026
DOC000554;APROVADO;Diretoria;5173,36;28/01/2026
DOC000555;EM ANALISE;Auditoria;5692,13;22/05/2026
DOC000556;RECUSADO;Auditoria;7374,07;16/09/2026
DOC000557;EM ANALISE;Auditoria;5245,58;26/04/2026
DOC000558;RECUSADO;Diretoria;4963,08;03/08/2026
DOC000559;PENDENTE;Diretoria;3290,93;04/06/2026
DOC000560;RECUSADO;Diretoria;1221,69;13/05/2026
DOC000561;PENDENTE;Diretoria;2331,62;09/05/2026
DOC000562;APROVADO;Auditoria;611,42;20/09/2026
DOC000563;RECUSADO;Diretoria;1520,28;20/09/2026
DOC000564;RECUSADO;Auditoria;4785,91;13/06/2026
DOC000565;RECUSADO;Operações;6276,23;26/06/2026
DOC000566;PENDENTE;Operações;5859,57;11/01/2026
DOC000567;RECUSADO;Diretoria;1967,15;03/04/2026
DOC000568;APROVADO;Operações;4793,75;09/06/2026
DOC000569;RECUSADO;Diretoria;608,16;20/05/2026
DOC000570;EM ANALISE;Auditoria;2223,88;05/06/2026
DOC000571;PENDENTE;Auditoria;6503,51;06/04/2026
DOC000572;EM ANALISE;Diretoria;1119,35;04/03/2026
DOC000573;PENDENTE;Diretoria;903,56;02/07/2026
DOC000574;PENDENTE;Diretoria;8156,35;07/02/2026
DOC000575;EM ANALISE;Diretoria;1213,68;07/02/2026
DOC000576;EM ANALISE;Diretoria;1262,74;28/03/2026
DOC000577;EM ANALISE;Auditoria;1915,22;02/01/2026
DOC000578;EM ANALISE;Auditoria;5007,34;19/06/2026
DOC000579;PENDENTE;Auditoria;6039,77;09/09/2026
DOC000580;EM ANALISE;Operações;473,27;01/06/2026
DOC000581;EM ANALISE;Operações;975,09;16/03/2026
DOC000582;RECUSADO;Diretoria;7196,44;28/02/2026
DOC000583;RECUSADO;Operações;1689,00;01/08/2026
DOC000584;PENDENTE;Operações;3533,77;18/04/2026
DOC000585;PENDENTE;Operações;2714,16;07/01/2026
DOC000586;PENDENTE;Diretoria;2022,09;16/07/2026
DOC000587;RECUSADO;Diretoria;5231,99;12/08/2026
DOC000588;EM ANALISE;Auditoria;5029,88;05/03/2026
DOC000589;EM ANALISE;Operações;116,01;04/07/2026
DOC000590;APROVADO;Auditoria;564,86;04/03/2026
DOC000591;PENDENTE;Operações;5169,66;15/03/2026
DOC000592;PENDENTE;Diretoria;8344,95;17/07/2026
DOC000593;RECUSADO;Diretoria;857,79;26/01/2026
DOC000594;PENDENTE;Diretoria;2709,76;15/02/2026
DOC000595;EM ANALISE;Auditoria;7056,20;10/04/2026
DOC000596;APROVADO;Diretoria;7658,93;18/08/2026
DOC000597;RECUSADO;Operações;5747,48;08/08/2026
DOC000598;APROVADO;Operações;6838,87;22/06/2026
DOC000599;EM ANALISE;Auditoria;7207,26;08/04/2026
DOC000600;APROVADO;Diretoria;644,47;23/06/2026
DOC000601;PENDENTE;Auditoria;5334,83;11/05/2026
DOC000602;PENDENTE;Operações;2032,96;09/08/2026
DOC000603;PENDENTE;Auditoria;1317,55;01/04/2026
DOC000604;EM ANALISE;Auditoria;7323,90;11/05/2026
DOC000605;RECUSADO;Auditoria;8240,26;06/07/2026
DOC000606;EM ANALISE;Auditoria;469,82;22/02/2026
DOC000607;PENDENTE;Operações;2653,88;05/03/2026
DOC000608;EM ANALISE;Auditoria;3762,69;26/03/2026
DOC000609;APROVADO;Operações;5990,09;14/01/2026
DOC000610;RECUSADO;Auditoria;2573,26;28/08/2026
DOC000611;RECUSADO;Diretoria;5523,63;02/07/2026
DOC000612;EM ANALISE;Diretoria;4102,01;09/04/2026
DOC000613;APROVADO;Auditoria;5231,83;14/01/2026
DOC000614;PENDENTE;Operações;197,77;06/09/2026
DOC000615;PENDENTE;Diretoria;139,91;21/06/2026
DOC000616;PENDENTE;Auditoria;2791,98;10/03/2026
DOC000617;RECUSADO;Auditoria;5420,65;09/04/2026
DOC000618;RECUSADO;Auditoria;6512,03;27/01/2026
DOC000619;APROVADO;Auditoria;4123,63;16/04/2026
DOC000620;EM ANALISE;Operações;2262,37;14/07/2026
DOC000621;APROVADO;Operações;6355,91;10/04/2026
DOC000622;APROVADO;Operações;3775,70;09/02/2026
DOC000623;APROVADO;Auditoria;1920,03;09/08/2026
DOC000624;EM ANALISE;Auditoria;2464,09;04/09/2026
DOC000625;APROVADO;Operações;586,14;13/01/2026
DOC000626;RECUSADO;Diretoria;2652,78;01/09/2026
DOC000627;APROVADO;Operações;2003,37;20/03/2026
DOC000628;PENDENTE;Diretoria;8200,71;06/05/2026
DOC000629;RECUSADO;Diretoria;7772,62;11/06/2026
DOC000630;APROVADO;Auditoria;5558,75;25/06/2026
DOC000631;RECUSADO;Auditoria;7408,44;02/04/2026
DOC000632;APROVADO;Auditoria;7315,08;14/02/2026
DOC000633;PENDENTE;Auditoria;2210,16;22/06/2026
DOC000634;EM ANALISE;Diretoria;3824,19;07/03/2026
DOC000635;APROVADO;Operações;883,63;06/03/2026
DOC000636;APROVADO;Auditoria;2683,49;01/06/2026
DOC000637;APROVADO;Operações;4082,99;22/09/2026
DOC000638;RECUSADO;Operações;1805,30;18/05/2026
DOC000639;PENDENTE;Diretoria;6645,28;24/07/2026
DOC000640;RECUSADO;Diretoria;4208,58;19/01/2026
DOC000641;APROVADO;Diretoria;8304,41;18/03/2026
DOC000642;EM ANALISE;Auditoria;2294,41;08/07/2026
DOC000643;APROVADO;Diretoria;1928,57;13/01/2026
DOC000644;APROVADO;Diretoria;7572,01;05/07/2026
DOC000645;APROVADO;Operações;6949,11;22/06/2026
DOC000646;RECUSADO;Operações;8169,13;01/03/2026
DOC000647;RECUSADO;Operações;676,29;18/08/2026
DOC000648;RECUSADO;Operações;1287,59;17/01/2026
DOC000649;EM ANALISE;Operações;3564,93;25/09/2026
DOC000650;PENDENTE;Diretoria;7959,90;20/06/2026
DOC000651;APROVADO;Auditoria;5635,96;15/01/2026
DOC000652;EM ANALISE;Diretoria;2885,68;24/08/2026
DOC000653;RECUSADO;Diretoria;2349,61;01/07/2026
DOC000654;APROVADO;Diretoria;3470,33;12/04/2026
DOC000655;APROVADO;Auditoria;7458,33;07/03/2026
DOC000656;APROVADO;Operações;7641,49;19/04/2026
DOC000657;EM ANALISE;Auditoria;2560,82;12/09/2026
DOC000658;APROVADO;Diretoria;3563,42;25/05/2026
DOC000659;RECUSADO;Operações;3672,24;03/07/2026
DOC000660;RECUSADO;Diretoria;3127,46;23/05/2026
DOC000661;RECUSADO;Operações;248,86;20/01/2026
DOC000662;EM ANALISE;Auditoria;4603,99;12/07/2026
DOC000663;PENDENTE;Operações;6687,87;04/07/2026
DOC000664;PENDENTE;Auditoria;5446,43;26/04/2026
DOC000665;RECUSADO;Auditoria;2332,18;17/08/2026
DOC000666;RECUSADO;Diretoria;1150,61;26/05/2026
DOC000667;EM ANALISE;Auditoria;1572,78;03/03/2026
DOC000668;RECUSADO;Operações;3387,97;13/07/2026
DOC000669;RECUSADO;Diretoria;2986,24;01/09/2026
DOC000670;EM ANALISE;Operações;3948,76;18/03/2026
DOC000671;RECUSADO;Auditoria;4512,86;14/03/2026
DOC000672;PENDENTE;Operações;6936,39;18/07/2026
DOC000673;PENDENTE;Operações;1863,33;24/02/2026
DOC000674;EM ANALISE;Auditoria;1540,66;26/01/2026
DOC000675;PENDENTE;Operações;2376,52;08/04/2026
DOC000676;APROVADO;Operações;5102,51;04/08/2026
DOC000677;RECUSADO;Operações;6853,90;04/06/2026
DOC000678;RECUSADO;Diretoria;4326,75;02/05/2026
DOC000679;EM ANALISE;Operações;92,89;16/04/2026
DOC000680;RECUSADO;Diretoria;3842,39;05/09/2026
DOC000681;APROVADO;Diretoria;2265,80;13/04/2026
DOC000682;PENDENTE;Diretoria;7824,37;02/01/2026
DOC000683;PENDENTE;Auditoria;2522,66;16/06/2026
DOC000684;EM ANALISE;Auditoria;1588,02;01/03/2026
DOC000685;RECUSADO;Operações;5058,62;19/05/2026
DOC000686;RECUSADO;Operações;7719,98;11/07/2026
DOC000687;RECUSADO;Operações;4099,13;03/07/2026
DOC000688;PENDENTE;Diretoria;3298,73;27/07/2026
DOC000689;PENDENTE;Operações;7203,31;02/05/2026
DOC000690;APROVADO;Operações;7888,14;11/03/2026
DOC000691;APROVADO;Auditoria;4775,00;28/04/2026
DOC000692;EM ANALISE;Diretoria;6191,78;25/04/2026
DOC000693;EM ANALISE;Auditoria;7063,13;25/01/2026
DOC000694;RECUSADO;Operações;5857,27;19/01/2026
DOC000695;RECUSADO;Operações;1041,67;27/04/2026
DOC000696;PENDENTE;Diretoria;6807,71;10/02/2026
DOC000697;EM ANALISE;Auditoria;5016,92;06/08/2026
DOC000698;APROVADO;Diretoria;5093,45;28/08/2026
DOC000699;EM ANALISE;Auditoria;4286,22;04/08/2026
DOC000700;APROVADO;Auditoria;2695,20;04/07/2026
DOC000701;PENDENTE;Auditoria;7425,09;23/05/2026
DOC000702;APROVADO;Diretoria;726,07;28/05/2026
DOC000703;PENDENTE;Operações;3720,93;25/02/2026
DOC000704;APROVADO;Auditoria;5138,51;28/05/2026
DOC000705;PENDENTE;Auditoria;1241,69;10/05/2026
DOC000706;APROVADO;Diretoria;127,68;13/08/2026
DOC000707;EM ANALISE;Diretoria;1448,01;12/09/2026
DOC000708;APROVADO;Diretoria;1163,95;21/05/2026
DOC000709;RECUSADO;Auditoria;720,15;25/06/2026
DOC000710;APROVADO;Diretoria;6029,00;17/04/2026
DOC000711;APROVADO;Auditoria;918,20;05/01/2026
DOC000712;EM ANALISE;Operações;7893,94;22/06/2026
DOC000713;PENDENTE;Auditoria;7979,22;04/06/2026
DOC000714;EM ANALISE;Diretoria;3387,30;18/07/2026
DOC000715;RECUSADO;Diretoria;5819,36;23/01/2026
DOC000716;RECUSADO;Diretoria;378,72;12/08/2026
DOC000717;PENDENTE;Operações;438,77;17/06/2026
DOC000718;PENDENTE;Diretoria;7641,95;18/03/2026
DOC000719;RECUSADO;Diretoria;501,18;20/09/2026
DOC000720;PENDENTE;Auditoria;3817,79;20/08/2026
DOC000721;PENDENTE;Auditoria;4675,79;20/08/2026
DOC000722;RECUSADO;Diretoria;3690,59;15/06/2026
DOC000723;EM ANALISE;Operações;7142,35;11/07/2026
DOC000724;APROVADO;Operações;4837,31;15/04/2026
DOC000725;APROVADO;Diretoria;8349,30;16/09/2026
DOC000726;EM ANALISE;Operações;4972,50;28/06/2026
DOC000727;PENDENTE;Auditoria;3826,08;23/04/2026
DOC000728;APROVADO;Diretoria;2847,43;07/04/2026
DOC000729;PENDENTE;Diretoria;3242,65;13/07/2026
DOC000730;APROVADO;Operações;7031,05;20/07/2026
DOC000731;RECUSADO;Diretoria;1338,40;07/03/2026
DOC000732;PENDENTE;Auditoria;7065,39;02/01/2026
DOC000733;APROVADO;Auditoria;724,98;06/08/2026
DOC000734;PENDENTE;Diretoria;1005,86;01/05/2026
DOC000735;EM ANALISE;Operações;4316,30;05/01/2026
DOC000736;APROVADO;Diretoria;7205,08;03/05/2026
DOC000737;APROVADO;Auditoria;2182,94;25/01/2026
DOC000738;APROVADO;Auditoria;2264,10;11/09/2026
DOC000739;EM ANALISE;Diretoria;1503,41;23/08/2026
DOC000740;RECUSADO;Auditoria;4359,89;25/09/2026
DOC000741;APROVADO;Operações;6831,98;14/01/2026
DOC000742;EM ANALISE;Diretoria;7206,64;07/03/2026
DOC000743;PENDENTE;Operações;2735,23;12/09/2026
DOC000744;APROVADO;Operações;1734,55;05/03/2026
DOC000745;RECUSADO;Operações;7522,31;10/05/2026
DOC000746;EM ANALISE;Auditoria;642,21;12/03/2026
DOC000747;EM ANALISE;Operações;1872,52;06/01/2026
DOC000748;PENDENTE;Operações;8202,46;05/05/2026
DOC000749;RECUSADO;Operações;6936,70;04/04/2026
DOC000750;PENDENTE;Diretoria;7994,20;16/04/2026
DOC000751;PENDENTE;Diretoria;3315,18;27/02/2026
DOC000752;APROVADO;Auditoria;4046,28;08/01/2026
DOC000753;RECUSADO;Diretoria;4785,75;23/07/2026
DOC000754;PENDENTE;Diretoria;2617,60;19/08/2026
DOC000755;PENDENTE;Auditoria;5474,57;25/09/2026
DOC000756;APROVADO;Operações;4247,82;15/06/2026
DOC000757;RECUSADO;Diretoria;2035,28;10/03/2026
DOC000758;PENDENTE;Auditoria;4177,35;24/06/2026
DOC000759;PENDENTE;Operações;6023,38;21/08/2026
DOC000760;RECUSADO;Auditoria;8202,42;01/06/2026
DOC000761;EM ANALISE;Operações;3598,44;06/06/2026
DOC000762;PENDENTE;Diretoria;6310,04;08/02/2026
DOC000763;APROVADO;Auditoria;4766,06;04/01/2026
DOC000764;RECUSADO;Operações;3339,26;06/02/2026
DOC000765;PENDENTE;Operações;3540,50;10/09/2026
DOC000766;PENDENTE;Operações;7766,47;10/07/2026
DOC000767;EM ANALISE;Auditoria;4185,70;13/02/2026
DOC000768;RECUSADO;Auditoria;3551,94;14/08/2026
DOC000769;EM ANALISE;Operações;1918,94;05/09/2026
DOC000770;RECUSADO;Auditoria;5540,07;16/09/2026
DOC000771;RECUSADO;Diretoria;2296,86;10/05/2026
DOC000772;APROVADO;Operações;1431,36;22/06/2026
DOC000773;APROVADO;Diretoria;5824,46;12/01/2026
DOC000774;PENDENTE;Auditoria;2574,55;14/08/2026
DOC000775;RECUSADO;Diretoria;5251,02;21/06/2026
DOC000776;PENDENTE;Operações;1559,03;15/04/2026
DOC000777;PENDENTE;Auditoria;2174,85;01/04/2026
DOC000778;APROVADO;Auditoria;133,39;27/07/2026
DOC000779;EM ANALISE;Auditoria;4556,72;22/03/2026
DOC000780;APROVADO;Operações;3185,02;11/02/2026
DOC000781;PENDENTE;Operações;4806,40;23/02/2026
DOC000782;APROVADO;Diretoria;3880,32;15/02/2026
DOC000783;EM ANALISE;Auditoria;5864,29;03/02/2026
DOC000784;EM ANALISE;Auditoria;3589,01;24/07/2026
DOC000785;EM ANALISE;Auditoria;7045,54;20/05/2026
DOC000786;PENDENTE;Auditoria;4653,72;02/09/2026
DOC000787;RECUSADO;Diretoria;2987,80;15/07/2026
DOC000788;APROVADO;Diretoria;860,32;10/09/2026
DOC000789;APROVADO;Diretoria;6787,76;26/05/2026
DOC000790;PENDENTE;Auditoria;2942,33;19/02/2026
DOC000791;EM ANALISE;Diretoria;4607,69;14/06/2026
DOC000792;APROVADO;Auditoria;8065,94;17/05/2026
DOC000793;EM ANALISE;Operações;3799,89;19/01/2026
DOC000794;EM ANALISE;Auditoria;3340,57;28/05/2026
DOC000795;APROVADO;Diretoria;2537,52;19/04/2026
DOC000796;APROVADO;Operações;4190,75;11/07/2026
DOC000797;EM ANALISE;Diretoria;1018,02;13/06/2026
DOC000798;PENDENTE;Operações;7585,10;10/01/2026
DOC000799;PENDENTE;Auditoria;926,33;07/09/2026
DOC000800;RECUSADO;Operações;7664,35;16/06/2026
DOC000801;EM ANALISE;Operações;4497,54;20/08/2026
DOC000802;APROVADO;Operações;1132,34;01/08/2026
DOC000803;RECUSADO;Auditoria;4778,93;27/06/2026
DOC000804;APROVADO;Operações;7436,24;14/05/2026
DOC000805;PENDENTE;Diretoria;5561,59;11/01/2026
DOC000806;APROVADO;Diretoria;5586,30;19/05/2026
DOC000807;RECUSADO;Auditoria;1070,72;08/05/2026
DOC000808;RECUSADO;Diretoria;3474,40;10/08/2026
DOC000809;PENDENTE;Auditoria;4721,46;22/06/2026
DOC000810;RECUSADO;Auditoria;4771,12;24/08/2026
DOC000811;APROVADO;Auditoria;4455,00;22/06/2026
DOC000812;EM ANALISE;Auditoria;5940,16;06/02/2026
DOC000813;RECUSADO;Diretoria;5757,06;16/05/2026
DOC000814;EM ANALISE;Auditoria;4464,36;12/02/2026
DOC000815;EM ANALISE;Auditoria;4309,06;13/04/2026
DOC000816;PENDENTE;Operações;2602,52;20/09/2026
DOC000817;EM ANALISE;Auditoria;8258,36;05/08/2026
DOC000818;EM ANALISE;Diretoria;5879,63;08/07/2026
DOC000819;APROVADO;Auditoria;5662,88;05/05/2026
DOC000820;APROVADO;Operações;5379,90;01/04/2026
DOC000821;PENDENTE;Diretoria;8023,15;02/02/2026
DOC000822;EM ANALISE;Diretoria;3863,08;26/01/2026
DOC000823;RECUSADO;Operações;7047,68;12/08/2026
DOC000824;PENDENTE;Operações;7204,26;15/02/2026
DOC000825;PENDENTE;Diretoria;5392,18;25/03/2026
DOC000826;EM ANALISE;Diretoria;6963,54;23/03/2026
DOC000827;PENDENTE;Diretoria;2768,80;05/01/2026
DOC000828;APROVADO;Diretoria;101,08;08/09/2026
DOC000829;RECUSADO;Auditoria;4931,20;06/02/2026
DOC000830;PENDENTE;Operações;391,11;01/06/2026
DOC000831;EM ANALISE;Auditoria;985,05;08/01/2026
DOC000832;PENDENTE;Auditoria;1680,28;23/08/2026
DOC000833;RECUSADO;Auditoria;734,63;08/06/2026
DOC000834;APROVADO;Operações;6397,18;22/08/2026
DOC000835;RECUSADO;Diretoria;3811,08;05/08/2026
DOC000836;APROVADO;Operações;2086,84;01/01/2026
DOC000837;PENDENTE;Auditoria;920,20;22/07/2026
DOC000838;APROVADO;Diretoria;6182,70;04/07/2026
DOC000839;PENDENTE;Auditoria;3110,77;12/09/2026
DOC000840;RECUSADO;Diretoria;7684,29;02/03/2026
DOC000841;EM ANALISE;Auditoria;274,02;15/02/2026
DOC000842;APROVADO;Operações;844,94;08/05/2026
DOC000843;PENDENTE;Operações;7619,59;06/05/2026
DOC000844;PENDENTE;Operações;5896,68;03/08/2026
DOC000845;APROVADO;Auditoria;6658,02;05/07/2026
DOC000846;EM ANALISE;Operações;3909,17;06/08/2026
DOC000847;APROVADO;Operações;3077,50;11/09/2026
DOC000848;APROVADO;Operações;273,54;06/07/2026
DOC000849;RECUSADO;Operações;2876,76;04/08/2026
DOC000850;PENDENTE;Operações;4991,70;25/09/2026
DOC000851;RECUSADO;Diretoria;8178,55;25/01/2026
DOC000852;APROVADO;Diretoria;850,70;28/07/2026
DOC000853;RECUSADO;Auditoria;2205,45;04/07/2026
DOC000854;APROVADO;Diretoria;6348,82;06/04/2026
DOC000855;EM ANALISE;Auditoria;1686,58;06/04/2026
DOC000856;RECUSADO;Diretoria;1761,00;20/01/2026
DOC000857;APROVADO;Operações;8153,83;27/09/2026
DOC000858;RECUSADO;Diretoria;849,52;14/03/2026
DOC000859;APROVADO;Operações;4242,75;15/06/2026
DOC000860;PENDENTE;Diretoria;7987,43;01/07/2026
DOC000861;PENDENTE;Diretoria;700,88;25/09/2026
DOC000862;APROVADO;Diretoria;4367,52;08/09/2026
DOC000863;APROVADO;Operações;3049,52;02/01/2026
DOC000864;PENDENTE;Operações;5479,35;07/08/2026
DOC000865;PENDENTE;Auditoria;5805,63;21/08/2026
DOC000866;PENDENTE;Auditoria;529,66;22/09/2026
DOC000867;EM ANALISE;Diretoria;6859,74;11/07/2026
DOC000868;PENDENTE;Operações;6257,47;11/09/2026
DOC000869;EM ANALISE;Auditoria;6563,43;06/03/2026
DOC000870;PENDENTE;Diretoria;6290,63;11/03/2026
DOC000871;PENDENTE;Diretoria;6965,78;16/04/2026
DOC000872;EM ANALISE;Auditoria;4383,99;17/07/2026
DOC000873;EM ANALISE;Diretoria;6456,47;17/04/2026
DOC000874;PENDENTE;Operações;6074,73;27/08/2026
DOC000875;APROVADO;Operações;910,88;22/05/2026
DOC000876;EM ANALISE;Diretoria;5533,95;18/04/2026
DOC000877;EM ANALISE;Diretoria;1804,75;26/01/2026
DOC000878;APROVADO;Diretoria;50,32;03/04/2026
DOC000879;EM ANALISE;Diretoria;6668,55;16/01/2026
DOC000880;PENDENTE;Auditoria;7375,94;17/07/2026
DOC000881;APROVADO;Auditoria;7911,30;26/09/2026
DOC000882;PENDENTE;Auditoria;2586,04;10/05/2026
DOC000883;EM ANALISE;Auditoria;3394,10;06/08/2026
DOC000884;RECUSADO;Operações;2832,70;02/06/2026
DOC000885;RECUSADO;Diretoria;610,27;28/04/2026
DOC000886;PENDENTE;Diretoria;8205,70;05/09/2026
DOC000887;PENDENTE;Operações;3699,89;27/02/2026
DOC000888;PENDENTE;Diretoria;3267,73;23/05/2026
DOC000889;APROVADO;Operações;3817,62;04/02/2026
DOC000890;EM ANALISE;Operações;6933,39;16/08/2026
DOC000891;APROVADO;Auditoria;5589,65;06/05/2026
DOC000892;PENDENTE;Operações;6100,92;27/06/2026
DOC000893;RECUSADO;Auditoria;2301,65;27/06/2026
DOC000894;EM ANALISE;Operações;2446,94;28/09/2026
DOC000895;EM ANALISE;Auditoria;1278,90;07/09/2026
DOC000896;PENDENTE;Diretoria;2811,40;23/04/2026
DOC000897;APROVADO;Auditoria;6994,17;24/01/2026
DOC000898;RECUSADO;Diretoria;7421,95;22/06/2026
DOC000899;RECUSADO;Operações;4769,17;10/07/2026
DOC000900;APROVADO;Diretoria;2785,05;20/07/2026
DOC000901;PENDENTE;Operações;1296,43;11/03/2026
DOC000902;APROVADO;Operações;6205,24;03/02/2026
DOC000903;PENDENTE;Operações;3073,44;21/07/2026
DOC000904;RECUSADO;Auditoria;4972,67;16/03/2026
DOC000905;PENDENTE;Operações;1057,16;02/02/2026
DOC000906;APROVADO;Diretoria;6775,84;05/02/2026
DOC000907;RECUSADO;Diretoria;1491,51;28/05/2026
DOC000908;RECUSADO;Auditoria;52,34;22/06/2026
DOC000909;APROVADO;Operações;6658,49;05/03/2026
DOC000910;APROVADO;Operações;613,94;03/05/2026
DOC000911;APROVADO;Auditoria;4565,21;09/02/2026
DOC000912;PENDENTE;Diretoria;3201,16;10/03/2026
DOC000913;PENDENTE;Auditoria;8348,35;23/07/2026
DOC000914;PENDENTE;Diretoria;6292,76;05/02/2026
DOC000915;APROVADO;Operações;5428,88;28/07/2026
DOC000916;APROVADO;Diretoria;4474,52;10/09/2026
DOC000917;PENDENTE;Diretoria;2518,16;16/07/2026
DOC000918;RECUSADO;Auditoria;189,86;23/04/2026
DOC000919;PENDENTE;Operações;1822,44;26/04/2026
DOC000920;PENDENTE;Auditoria;3607,53;16/02/2026
DOC000921;EM ANALISE;Diretoria;5616,44;09/04/2026
DOC000922;APROVADO;Auditoria;2885,40;14/02/2026
DOC000923;RECUSADO;Diretoria;7241,83;14/07/2026
DOC000924;PENDENTE;Operações;3642,90;12/05/2026
DOC000925;APROVADO;Operações;1036,26;17/04/2026
DOC000926;RECUSADO;Diretoria;2690,70;13/03/2026
DOC000927;APROVADO;Auditoria;4411,05;18/07/2026
DOC000928;PENDENTE;Auditoria;5416,75;11/05/2026
DOC000929;PENDENTE;Operações;714,74;18/06/2026
DOC000930;EM ANALISE;Auditoria;4939,20;13/01/2026
DOC000931;EM ANALISE;Auditoria;3963,48;03/01/2026
DOC000932;APROVADO;Operações;4688,95;14/06/2026
DOC000933;EM ANALISE;Auditoria;2883,29;06/01/2026
DOC000934;PENDENTE;Auditoria;3744,53;19/08/2026
DOC000935;RECUSADO;Auditoria;7993,75;15/06/2026
DOC000936;RECUSADO;Diretoria;2051,57;12/03/2026
DOC000937;PENDENTE;Auditoria;4446,27;04/05/2026
DOC000938;RECUSADO;Auditoria;3335,31;22/09/2026
DOC000939;APROVADO;Operações;7341,05;03/01/2026
DOC000940;RECUSADO;Auditoria;5621,97;19/03/2026
DOC000941;PENDENTE;Diretoria;5782,42;09/07/2026
DOC000942;RECUSADO;Diretoria;4804,86;12/05/2026
DOC000943;PENDENTE;Operações;5060,93;18/02/2026
DOC000944;EM ANALISE;Operações;2547,38;22/07/2026
DOC000945;RECUSADO;Auditoria;6107,32;07/07/2026
DOC000946;PENDENTE;Operações;7822,66;28/06/2026
DOC000947;EM ANALISE;Operações;4830,17;21/01/2026
DOC000948;PENDENTE;Diretoria;1242,15;03/07/2026
DOC000949;PENDENTE;Operações;1765,59;06/01/2026
DOC000950;PENDENTE;Auditoria;4625,53;21/05/2026
DOC000951;APROVADO;Diretoria;2466,72;22/03/2026
DOC000952;APROVADO;Diretoria;7135,54;18/05/2026
DOC000953;RECUSADO;Diretoria;1392,09;11/02/2026
DOC000954;RECUSADO;Auditoria;3232,79;08/09/2026
DOC000955;PENDENTE;Diretoria;4089,11;05/06/2026
DOC000956;EM ANALISE;Diretoria;4758,09;17/05/2026
DOC000957;APROVADO;Auditoria;6885,61;07/08/2026
DOC000958;PENDENTE;Diretoria;5956,20;23/07/2026
DOC000959;PENDENTE;Auditoria;5737,46;11/06/2026
DOC000960;EM ANALISE;Auditoria;1446,66;04/07/2026
DOC000961;APROVADO;Auditoria;3757,44;14/02/2026
DOC000962;PENDENTE;Diretoria;4812,29;25/01/2026
DOC000963;APROVADO;Auditoria;684,54;04/09/2026
DOC000964;APROVADO;Auditoria;553,53;06/08/2026
DOC000965;RECUSADO;Diretoria;5572,87;27/05/2026
DOC000966;PENDENTE;Auditoria;7396,63;18/07/2026
DOC000967;PENDENTE;Diretoria;8132,07;17/07/2026
DOC000968;APROVADO;Auditoria;2498,88;25/01/2026
DOC000969;EM ANALISE;Diretoria;3492,21;09/07/2026
DOC000970;PENDENTE;Diretoria;3644,80;21/03/2026
DOC000971;EM ANALISE;Operações;995,94;20/08/2026
DOC000972;EM ANALISE;Diretoria;48,60;17/01/2026
DOC000973;RECUSADO;Operações;3548,24;14/08/2026
DOC000974;APROVADO;Auditoria;7501,16;21/08/2026
DOC000975;EM ANALISE;Auditoria;464,63;25/04/2026
DOC000976;EM ANALISE;Auditoria;8152,44;15/07/2026
DOC000977;PENDENTE;Operações;4941,36;19/01/2026
DOC000978;APROVADO;Diretoria;6229,74;23/05/2026
DOC000979;RECUSADO;Auditoria;1712,74;21/02/2026
DOC000980;RECUSADO;Diretoria;5952,77;24/06/2026
DOC000981;PENDENTE;Diretoria;5291,91;05/06/2026
DOC000982;PENDENTE;Operações;3739,48;04/02/2026
DOC000983;RECUSADO;Operações;3391,31;17/01/2026
DOC000984;PENDENTE;Operações;6985,46;17/09/2026
DOC000985;PENDENTE;Diretoria;5778,67;08/08/2026
DOC000986;APROVADO;Diretoria;4519,27;15/03/2026
DOC000987;APROVADO;Auditoria;1867,34;22/04/2026
DOC000988;APROVADO;Diretoria;4231,47;02/06/2026
DOC000989;EM ANALISE;Diretoria;4340,34;02/09/2026
DOC000990;EM ANALISE;Operações;6100,31;21/03/2026
DOC000991;PENDENTE;Operações;729,89;28/01/2026
DOC000992;RECUSADO;Diretoria;6959,36;07/01/2026
DOC000993;PENDENTE;Diretoria;7366,23;15/03/2026
DOC000994;PENDENTE;Diretoria;3033,39;21/06/2026
DOC000995;RECUSADO;Diretoria;3887,57;06/03/2026
DOC000996;EM ANALISE;Auditoria;7156,49;05/04/2026
DOC000997;EM ANALISE;Diretoria;2736,32;15/09/2026
DOC000998;RECUSADO;Diretoria;2979,86;04/07/2026
DOC000999;APROVADO;Diretoria;7047,74;22/05/2026
DOC001000;PENDENTE;Auditoria;2831,82;13/09/2026
DOC001001;PENDENTE;Auditoria;5396,54;09/06/2026
DOC001002;PENDENTE;Auditoria;5139,65;09/08/2026
DOC001003;APROVADO;Operações;8297,87;13/03/2026
DOC001004;RECUSADO;Operações;7625,70;24/09/2026
DOC001005;APROVADO;Operações;2579,83;28/04/2026
DOC001006;APROVADO;Diretoria;1447,35;24/01/2026
DOC001007;RECUSADO;Diretoria;2470,86;24/03/2026
DOC001008;APROVADO;Diretoria;851,65;13/02/2026
DOC001009;EM ANALISE;Diretoria;5367,05;25/02/2026
DOC001010;PENDENTE;Auditoria;5511,09;06/08/2026
DOC001011;APROVADO;Auditoria;5191,51;23/05/2026
DOC001012;APROVADO;Operações;6553,67;11/04/2026
DOC001013;PENDENTE;Auditoria;2119,13;13/08/2026
DOC001014;EM ANALISE;Operações;5693,57;09/03/2026
DOC001015;PENDENTE;Diretoria;5191,03;03/09/2026
DOC001016;EM ANALISE;Operações;5380,46;11/09/2026
DOC001017;APROVADO;Auditoria;5928,53;26/01/2026
DOC001018;RECUSADO;Operações;7711,82;19/01/2026
DOC001019;PENDENTE;Auditoria;7857,22;18/08/2026
DOC001020;EM ANALISE;Operações;1893,25;16/08/2026
DOC001021;APROVADO;Auditoria;2296,47;15/02/2026
DOC001022;PENDENTE;Auditoria;6055,63;13/09/2026
DOC001023;RECUSADO;Auditoria;155,63;15/01/2026
DOC001024;APROVADO;Diretoria;3014,72;12/09/2026
DOC001025;EM ANALISE;Operações;7737,77;07/02/2026
DOC001026;APROVADO;Diretoria;7381,40;13/03/2026
DOC001027;PENDENTE;Auditoria;5640,88;10/04/2026
DOC001028;EM ANALISE;Operações;5805,55;24/08/2026
DOC001029;PENDENTE;Diretoria;1195,61;20/03/2026
DOC001030;APROVADO;Auditoria;2597,48;22/07/2026
DOC001031;APROVADO;Auditoria;2348,88;21/06/2026
DOC001032;EM ANALISE;Operações;1508,37;11/08/2026
DOC001033;RECUSADO;Auditoria;876,09;16/09/2026
DOC001034;RECUSADO;Operações;4676,77;17/02/2026
DOC001035;APROVADO;Auditoria;5878,16;04/07/2026
DOC001036;PENDENTE;Diretoria;918,74;14/03/2026
DOC001037;APROVADO;Auditoria;5000,44;16/02/2026
DOC001038;EM ANALISE;Auditoria;7401,95;24/07/2026
DOC001039;APROVADO;Auditoria;1745,29;20/06/2026
DOC001040;APROVADO;Operações;6718,75;27/02/2026
DOC001041;EM ANALISE;Auditoria;7446,34;14/06/2026
DOC001042;EM ANALISE;Diretoria;4727,09;14/08/2026
DOC001043;EM ANALISE;Operações;2999,60;15/05/2026
DOC001044;APROVADO;Auditoria;3959,91;14/01/2026
DOC001045;APROVADO;Diretoria;2461,72;10/08/2026
DOC001046;EM ANALISE;Diretoria;4360,29;08/08/2026
DOC001047;RECUSADO;Diretoria;5456,94;10/03/2026
DOC001048;EM ANALISE;Diretoria;4399,60;24/01/2026
DOC001049;RECUSADO;Operações;5514,75;27/09/2026
DOC001050;APROVADO;Auditoria;4985,47;03/07/2026
DOC001051;APROVADO;Diretoria;2125,45;19/04/2026
DOC001052;RECUSADO;Diretoria;2083,46;19/08/2026
DOC001053;PENDENTE;Operações;2164,71;05/03/2026
DOC001054;EM ANALISE;Operações;4687,07;22/06/2026
DOC001055;APROVADO;Operações;7286,37;02/06/2026
DOC001056;APROVADO;Auditoria;5901,71;09/06/2026
DOC001057;PENDENTE;Diretoria;561,33;19/02/2026
DOC001058;EM ANALISE;Operações;3964,72;22/09/2026
DOC001059;PENDENTE;Operações;1244,71;03/05/2026
DOC001060;RECUSADO;Auditoria;8035,13;14/02/2026
DOC001061;RECUSADO;Operações;3708,78;09/02/2026
DOC001062;PENDENTE;Diretoria;3738,74;13/01/2026
DOC001063;PENDENTE;Auditoria;551,98;25/09/2026
DOC001064;RECUSADO;Auditoria;797,63;21/03/2026
DOC001065;EM ANALISE;Diretoria;1135,39;18/07/2026
DOC001066;RECUSADO;Operações;2981,45;12/01/2026
DOC001067;PENDENTE;Diretoria;4033,63;23/03/2026
DOC001068;APROVADO;Operações;4143,82;09/06/2026
DOC001069;RECUSADO;Diretoria;2112,81;10/03/2026
DOC001070;RECUSADO;Operações;6469,29;16/04/2026
DOC001071;PENDENTE;Operações;6300,11;21/03/2026
DOC001072;APROVADO;Operações;2922,02;24/01/2026
DOC001073;PENDENTE;Auditoria;1190,57;27/02/2026
DOC001074;PENDENTE;Operações;8417,31;04/06/2026
DOC001075;EM ANALISE;Operações;1795,10;22/03/2026
DOC001076;PENDENTE;Operações;2239,57;02/06/2026
DOC001077;RECUSADO;Auditoria;4401,02;23/06/2026
DOC001078;APROVADO;Operações;5841,67;26/04/2026
DOC001079;EM ANALISE;Auditoria;2629,26;27/03/2026
DOC001080;EM ANALISE;Diretoria;6553,43;06/02/2026
DOC001081;PENDENTE;Auditoria;5881,40;25/04/2026
DOC001082;APROVADO;Diretoria;943,00;09/06/2026
DOC001083;EM ANALISE;Diretoria;3638,89;18/08/2026
DOC001084;APROVADO;Auditoria;1253,78;18/07/2026
DOC001085;RECUSADO;Auditoria;3414,54;21/03/2026
DOC001086;RECUSADO;Operações;4891,87;07/08/2026
DOC001087;EM ANALISE;Diretoria;2513,27;17/09/2026
DOC001088;EM ANALISE;Operações;1564,28;08/09/2026
DOC001089;PENDENTE;Diretoria;7886,34;04/01/2026
DOC001090;RECUSADO;Operações;883,17;10/04/2026
DOC001091;PENDENTE;Auditoria;7833,78;20/08/2026
DOC001092;RECUSADO;Diretoria;4144,49;08/07/2026
DOC001093;RECUSADO;Diretoria;2887,14;26/04/2026
DOC001094;RECUSADO;Operações;1345,00;28/06/2026
DOC001095;PENDENTE;Auditoria;6461,23;28/09/2026
DOC001096;PENDENTE;Operações;5171,77;18/03/2026
DOC001097;PENDENTE;Operações;4739,59;04/09/2026
DOC001098;RECUSADO;Operações;3260,51;24/02/2026
DOC001099;RECUSADO;Diretoria;1474,73;28/06/2026
DOC001100;PENDENTE;Auditoria;5204,74;16/03/2026
DOC001101;APROVADO;Diretoria;2834,34;03/05/2026
DOC001102;RECUSADO;Auditoria;6377,57;03/06/2026
DOC001103;APROVADO;Diretoria;3131,99;03/06/2026
DOC001104;RECUSADO;Operações;2147,37;18/02/2026
DOC001105;EM ANALISE;Operações;953,31;05/05/2026
DOC001106;APROVADO;Auditoria;4492,11;25/02/2026
DOC001107;PENDENTE;Diretoria;3210,23;06/08/2026
DOC001108;APROVADO;Auditoria;5659,59;19/07/2026
DOC001109;PENDENTE;Diretoria;6805,29;17/05/2026
DOC001110;APROVADO;Auditoria;1448,48;27/09/2026
DOC001111;PENDENTE;Operações;7295,60;21/06/2026
DOC001112;RECUSADO;Auditoria;3515,80;07/03/2026
DOC001113;EM ANALISE;Diretoria;2168,14;02/03/2026
DOC001114;RECUSADO;Operações;7841,05;05/02/2026
DOC001115;RECUSADO;Auditoria;3846,41;10/08/2026
DOC001116;RECUSADO;Operações;5338,27;03/05/2026
DOC001117;PENDENTE;Operações;3474,30;08/01/2026
DOC001118;APROVADO;Operações;1740,09;26/09/2026
DOC001119;PENDENTE;Operações;7142,60;23/01/2026
DOC001120;RECUSADO;Operações;4947,79;10/06/2026
DOC001121;EM ANALISE;Auditoria;2319,96;25/09/2026
DOC001122;APROVADO;Operações;53,11;16/07/2026
DOC001123;APROVADO;Operações;4141,70;24/02/2026
DOC001124;APROVADO;Operações;4881,11;25/01/2026
DOC001125;APROVADO;Operações;4539,35;01/04/2026
DOC001126;APROVADO;Operações;1548,67;21/09/2026
DOC001127;APROVADO;Operações;6400,22;04/08/2026
DOC001128;RECUSADO;Operações;4475,80;09/04/2026
DOC001129;PENDENTE;Diretoria;8139,30;01/09/2026
DOC001130;EM ANALISE;Auditoria;8269,51;12/05/2026
DOC001131;APROVADO;Operações;479,48;25/09/2026
DOC001132;APROVADO;Auditoria;8237,82;13/09/2026
DOC001133;RECUSADO;Auditoria;6068,93;14/04/2026
DOC001134;EM ANALISE;Auditoria;2764,59;06/07/2026
DOC001135;EM ANALISE;Operações;7437,15;12/08/2026
DOC001136;PENDENTE;Operações;7302,76;21/09/2026
DOC001137;PENDENTE;Operações;7866,06;03/05/2026
DOC001138;PENDENTE;Diretoria;1228,54;20/03/2026
DOC001139;APROVADO;Auditoria;553,98;28/03/2026
DOC001140;APROVADO;Diretoria;8398,73;01/02/2026
DOC001141;EM ANALISE;Diretoria;5019,96;28/06/2026
DOC001142;RECUSADO;Operações;856,78;17/01/2026
DOC001143;RECUSADO;Operações;6838,35;24/07/2026
DOC001144;EM ANALISE;Operações;3048,15;25/01/2026
DOC001145;RECUSADO;Diretoria;6495,11;14/07/2026
DOC001146;RECUSADO;Auditoria;1136,26;17/02/2026
DOC001147;EM ANALISE;Operações;753,18;22/07/2026
DOC001148;EM ANALISE;Auditoria;828,04;03/05/2026
DOC001149;APROVADO;Auditoria;3332,58;01/06/2026
DOC001150;RECUSADO;Auditoria;5594,44;14/08/2026
DOC001151;PENDENTE;Auditoria;2066,32;12/02/2026
DOC001152;PENDENTE;Operações;365,42;05/02/2026
DOC001153;RECUSADO;Operações;4499,85;25/02/2026
DOC001154;EM ANALISE;Auditoria;5069,93;24/08/2026
DOC001155;RECUSADO;Operações;3774,02;23/08/2026
DOC001156;EM ANALISE;Diretoria;4079,18;13/01/2026
DOC001157;APROVADO;Diretoria;5797,82;03/03/2026
DOC001158;APROVADO;Operações;551,18;08/06/2026
DOC001159;EM ANALISE;Operações;8291,22;09/04/2026
DOC001160;PENDENTE;Auditoria;3052,53;26/03/2026
DOC001161;RECUSADO;Auditoria;6540,93;16/04/2026
DOC001162;APROVADO;Auditoria;2299,79;11/06/2026
DOC001163;PENDENTE;Operações;511,79;26/09/2026
DOC001164;EM ANALISE;Operações;3445,64;14/07/2026
DOC001165;PENDENTE;Diretoria;3868,51;01/07/2026
DOC001166;APROVADO;Auditoria;1260,46;23/09/2026
DOC001167;APROVADO;Auditoria;333,52;21/03/2026
DOC001168;EM ANALISE;Operações;5878,64;06/02/2026
DOC001169;PENDENTE;Auditoria;1541,67;13/09/2026
DOC001170;RECUSADO;Auditoria;2187,09;04/01/2026
DOC001171;EM ANALISE;Diretoria;525,48;18/07/2026
DOC001172;RECUSADO;Auditoria;7910,82;21/03/2026
DOC001173;RECUSADO;Operações;5249,41;20/03/2026
DOC001174;APROVADO;Diretoria;2137,19;11/01/2026
DOC001175;RECUSADO;Operações;7749,62;15/02/2026
DOC001176;EM ANALISE;Auditoria;2848,30;24/03/2026
DOC001177;RECUSADO;Auditoria;3436,20;03/01/2026
DOC001178;EM ANALISE;Operações;6272,82;15/03/2026
DOC001179;EM ANALISE;Operações;7582,06;14/01/2026
DOC001180;RECUSADO;Operações;4664,15;19/08/2026
DOC001181;EM ANALISE;Operações;934,93;07/01/2026
DOC001182;APROVADO;Auditoria;4916,20;28/08/2026
DOC001183;APROVADO;Auditoria;4434,65;21/03/2026
DOC001184;RECUSADO;Operações;4282,66;23/08/2026
DOC001185;EM ANALISE;Operações;3191,39;06/09/2026
DOC001186;RECUSADO;Auditoria;6936,13;23/09/2026
DOC001187;PENDENTE;Auditoria;7726,34;13/01/2026
DOC001188;EM ANALISE;Auditoria;7760,47;23/03/2026
DOC001189;EM ANALISE;Operações;8141,32;21/09/2026
DOC001190;EM ANALISE;Diretoria;6289,59;19/07/2026
DOC001191;RECUSADO;Operações;6877,72;02/05/2026
DOC001192;EM ANALISE;Auditoria;2156,05;13/03/2026
DOC001193;APROVADO;Diretoria;382,00;16/03/2026
DOC001194;RECUSADO;Auditoria;1149,11;09/06/2026
DOC001195;APROVADO;Diretoria;983,21;05/06/2026
DOC001196;PENDENTE;Operações;7258,25;02/02/2026
DOC001197;RECUSADO;Diretoria;3199,27;21/06/2026
DOC001198;RECUSADO;Operações;6249,05;04/02/2026
DOC001199;RECUSADO;Auditoria;3866,96;28/09/2026
DOC001200;RECUSADO;Diretoria;1896,84;16/04/2026
DOC001201;EM ANALISE;Auditoria;6577,85;20/02/2026
DOC001202;PENDENTE;Diretoria;7339,38;17/06/2026
DOC001203;PENDENTE;Operações;4379,98;22/05/2026
DOC001204;EM ANALISE;Diretoria;3698,36;06/06/2026
DOC001205;EM ANALISE;Auditoria;3015,07;13/02/2026
DOC001206;APROVADO;Diretoria;8067,82;02/05/2026
DOC001207;PENDENTE;Diretoria;3746,78;16/05/2026
DOC001208;PENDENTE;Diretoria;8393,35;24/03/2026
DOC001209;EM ANALISE;Operações;5188,06;18/03/2026
DOC001210;APROVADO;Auditoria;6722,46;25/02/2026
DOC001211;EM ANALISE;Diretoria;7066,62;05/07/2026
DOC001212;PENDENTE;Diretoria;5868,01;18/05/2026
DOC001213;EM ANALISE;Operações;7398,08;19/07/2026
DOC001214;PENDENTE;Auditoria;5889,61;27/04/2026
DOC001215;RECUSADO;Auditoria;2274,48;18/08/2026
DOC001216;EM ANALISE;Diretoria;2766,68;18/05/2026
DOC001217;PENDENTE;Diretoria;6679,08;02/04/2026
DOC001218;RECUSADO;Diretoria;6560,27;09/07/2026
DOC001219;APROVADO;Diretoria;2132,81;04/05/2026
DOC001220;PENDENTE;Diretoria;4527,49;02/03/2026
DOC001221;APROVADO;Auditoria;8179,11;23/04/2026
DOC001222;EM ANALISE;Operações;7106,39;05/08/2026
DOC001223;PENDENTE;Auditoria;925,11;26/02/2026
DOC001224;APROVADO;Diretoria;452,79;23/02/2026
DOC001225;RECUSADO;Auditoria;1718,23;19/08/2026
DOC001226;PENDENTE;Auditoria;7194,11;04/05/2026
DOC001227;EM ANALISE;Operações;4222,57;02/07/2026
DOC001228;EM ANALISE;Diretoria;4389,08;06/04/2026
DOC001229;EM ANALISE;Diretoria;5126,71;18/01/2026
DOC001230;EM ANALISE;Operações;4149,39;06/06/2026
DOC001231;PENDENTE;Operações;556,99;01/09/2026
DOC001232;APROVADO;Operações;7394,40;15/03/2026
DOC001233;PENDENTE;Diretoria;4690,01;21/06/2026
DOC001234;EM ANALISE;Auditoria;3851,97;14/03/2026
DOC001235;RECUSADO;Auditoria;6878,29;05/07/2026
DOC001236;EM ANALISE;Diretoria;3979,84;16/08/2026
DOC001237;EM ANALISE;Diretoria;1082,71;06/06/2026
DOC001238;RECUSADO;Diretoria;6782,23;09/07/2026
DOC001239;PENDENTE;Diretoria;708,03;24/09/2026
DOC001240;PENDENTE;Diretoria;2609,08;18/06/2026
DOC001241;RECUSADO;Auditoria;4629,49;08/01/2026
DOC001242;APROVADO;Auditoria;5022,19;12/04/2026
DOC001243;EM ANALISE;Operações;4882,53;08/03/2026
DOC001244;EM ANALISE;Diretoria;5726,01;07/02/2026
DOC001245;PENDENTE;Auditoria;5102,94;26/05/2026
DOC001246;APROVADO;Operações;2948,75;16/06/2026
DOC001247;PENDENTE;Operações;6560,93;12/02/2026
DOC001248;PENDENTE;Diretoria;3478,89;08/08/2026
DOC001249;EM ANALISE;Operações;49,66;07/02/2026
DOC001250;APROVADO;Auditoria;87,34;12/01/2026
DOC001251;APROVADO;Operações;1905,45;25/07/2026
DOC001252;RECUSADO;Auditoria;5348,35;16/09/2026
DOC001253;RECUSADO;Operações;2012,70;14/08/2026
DOC001254;APROVADO;Diretoria;1722,19;01/07/2026
DOC001255;APROVADO;Diretoria;5531,50;14/09/2026
DOC001256;RECUSADO;Auditoria;7862,40;12/02/2026
DOC001257;RECUSADO;Diretoria;700,16;02/08/2026
DOC001258;EM ANALISE;Diretoria;1643,29;05/05/2026
DOC001259;RECUSADO;Auditoria;5107,47;19/06/2026
DOC001260;APROVADO;Auditoria;7238,78;21/04/2026
DOC001261;PENDENTE;Diretoria;4805,47;17/06/2026
DOC001262;RECUSADO;Operações;5025,84;16/02/2026
DOC001263;EM ANALISE;Auditoria;5442,03;13/02/2026
DOC001264;PENDENTE;Auditoria;149,36;25/08/2026
DOC001265;PENDENTE;Operações;2408,80;23/05/2026
DOC001266;PENDENTE;Auditoria;5032,76;22/02/2026
DOC001267;PENDENTE;Operações;3666,96;13/09/2026
DOC001268;RECUSADO;Operações;1102,56;07/01/2026
DOC001269;PENDENTE;Operações;8085,44;16/08/2026
DOC001270;APROVADO;Operações;950,74;04/01/2026
DOC001271;EM ANALISE;Diretoria;6046,50;28/09/2026
DOC001272;RECUSADO;Diretoria;5907,64;24/09/2026
DOC001273;EM ANALISE;Operações;6360,46;08/07/2026
DOC001274;RECUSADO;Auditoria;5507,25;25/05/2026
DOC001275;EM ANALISE;Auditoria;3580,26;17/06/2026
DOC001276;EM ANALISE;Diretoria;6842,81;24/06/2026
DOC001277;EM ANALISE;Auditoria;4827,23;17/05/2026
DOC001278;RECUSADO;Diretoria;6322,57;14/08/2026
DOC001279;APROVADO;Diretoria;1649,72;19/08/2026
DOC001280;PENDENTE;Auditoria;1669,59;23/06/2026
DOC001281;RECUSADO;Auditoria;4083,14;25/08/2026
DOC001282;EM ANALISE;Operações;2171,79;18/01/2026
DOC001283;APROVADO;Operações;6369,93;13/01/2026
DOC001284;APROVADO;Operações;4451,73;01/04/2026
DOC001285;PENDENTE;Operações;3011,93;15/01/2026
DOC001286;PENDENTE;Auditoria;4491,28;10/02/2026
DOC001287;RECUSADO;Auditoria;7192,79;17/07/2026
DOC001288;RECUSADO;Auditoria;1002,54;06/04/2026
DOC001289;APROVADO;Diretoria;1359,48;15/07/2026
DOC001290;PENDENTE;Auditoria;3985,93;09/03/2026
DOC001291;RECUSADO;Operações;4407,07;16/05/2026
DOC001292;RECUSADO;Auditoria;808,96;18/07/2026
DOC001293;EM ANALISE;Operações;6932,48;20/04/2026
DOC001294;EM ANALISE;Auditoria;7468,38;20/08/2026
DOC001295;RECUSADO;Auditoria;4012,30;13/07/2026
DOC001296;APROVADO;Operações;1716,49;08/05/2026
DOC001297;EM ANALISE;Auditoria;3423,86;09/08/2026
DOC001298;PENDENTE;Diretoria;1907,53;25/04/2026
DOC001299;PENDENTE;Auditoria;3767,27;22/07/2026
DOC001300;PENDENTE;Diretoria;7233,25;18/04/2026
DOC001301;PENDENTE;Operações;6600,92;21/06/2026
DOC001302;EM ANALISE;Diretoria;7690,77;14/01/2026
DOC001303;EM ANALISE;Diretoria;3379,14;23/04/2026
DOC001304;PENDENTE;Diretoria;2842,77;28/07/2026
DOC001305;APROVADO;Auditoria;4456,15;12/08/2026
DOC001306;EM ANALISE;Auditoria;2249,80;14/03/2026
DOC001307;APROVADO;Operações;272,03;19/07/2026
DOC001308;APROVADO;Diretoria;4235,16;27/01/2026
DOC001309;APROVADO;Auditoria;1089,32;08/04/2026
DOC001310;EM ANALISE;Diretoria;5106,52;19/09/2026
DOC001311;RECUSADO;Diretoria;2692,69;25/07/2026
DOC001312;RECUSADO;Auditoria;1250,18;26/08/2026
DOC001313;RECUSADO;Diretoria;4546,69;21/01/2026
DOC001314;EM ANALISE;Auditoria;4064,28;28/09/2026
DOC001315;PENDENTE;Operações;792,27;25/01/2026
DOC001316;PENDENTE;Operações;2373,00;11/03/2026
DOC001317;PENDENTE;Diretoria;2898,82;14/09/2026
DOC001318;PENDENTE;Operações;2215,47;20/06/2026
DOC001319;RECUSADO;Diretoria;200,40;20/01/2026
DOC001320;EM ANALISE;Operações;7424,17;28/02/2026
DOC001321;APROVADO;Operações;5088,77;26/04/2026
DOC001322;RECUSADO;Diretoria;2045,13;01/08/2026
DOC001323;PENDENTE;Diretoria;7752,92;25/07/2026
DOC001324;EM ANALISE;Operações;4582,48;25/01/2026
DOC001325;APROVADO;Diretoria;3761,35;05/03/2026
DOC001326;PENDENTE;Diretoria;833,19;07/09/2026
DOC001327;RECUSADO;Operações;4182,72;15/03/2026
DOC001328;EM ANALISE;Auditoria;1036,79;10/04/2026
DOC001329;RECUSADO;Operações;3434,33;05/03/2026
DOC001330;RECUSADO;Operações;6419,85;04/06/2026
DOC001331;EM ANALISE;Diretoria;5170,00;12/09/2026
DOC001332;RECUSADO;Auditoria;815,46;19/01/2026
DOC001333;APROVADO;Diretoria;7811,43;20/08/2026
DOC001334;PENDENTE;Operações;2049,28;14/04/2026
DOC001335;EM ANALISE;Diretoria;6687,22;07/08/2026
DOC001336;APROVADO;Auditoria;262,01;07/09/2026
DOC001337;EM ANALISE;Diretoria;1396,24;14/09/2026
DOC001338;EM ANALISE;Operações;4019,46;20/02/2026
DOC001339;RECUSADO;Operações;1014,82;22/06/2026
DOC001340;PENDENTE;Auditoria;8096,44;08/03/2026
DOC001341;EM ANALISE;Operações;3542,09;20/09/2026
DOC001342;APROVADO;Auditoria;4469,97;20/04/2026
DOC001343;APROVADO;Diretoria;5119,80;10/05/2026
DOC001344;RECUSADO;Operações;4031,81;17/05/2026
DOC001345;RECUSADO;Auditoria;4955,75;08/04/2026
DOC001346;RECUSADO;Auditoria;5341,77;26/01/2026
DOC001347;RECUSADO;Auditoria;2388,09;06/03/2026
DOC001348;EM ANALISE;Auditoria;5078,05;10/04/2026
DOC001349;EM ANALISE;Operações;6528,11;24/07/2026
DOC001350;EM ANALISE;Diretoria;7482,24;03/04/2026
DOC001351;EM ANALISE;Auditoria;398,33;22/02/2026
DOC001352;RECUSADO;Auditoria;3061,39;20/01/2026
DOC001353;PENDENTE;Operações;794,57;21/02/2026
DOC001354;PENDENTE;Auditoria;3018,22;17/03/2026
DOC001355;EM ANALISE;Diretoria;3542,73;02/02/2026
DOC001356;EM ANALISE;Auditoria;8199,32;06/08/2026
DOC001357;RECUSADO;Diretoria;7224,89;28/09/2026
DOC001358;RECUSADO;Operações;436,24;13/06/2026
DOC001359;RECUSADO;Auditoria;3710,80;17/07/2026
DOC001360;APROVADO;Auditoria;3780,49;06/09/2026
DOC001361;PENDENTE;Auditoria;4178,71;26/09/2026
DOC001362;APROVADO;Auditoria;7720,22;06/02/2026
DOC001363;APROVADO;Operações;7895,39;06/08/2026
DOC001364;EM ANALISE;Operações;7013,81;21/07/2026
DOC001365;APROVADO;Diretoria;1423,21;05/08/2026
DOC001366;RECUSADO;Auditoria;2265,71;13/09/2026
DOC001367;PENDENTE;Auditoria;333,99;05/01/2026
DOC001368;PENDENTE;Operações;4718,96;11/08/2026
DOC001369;EM ANALISE;Diretoria;2047,40;18/09/2026
DOC001370;RECUSADO;Auditoria;1880,90;01/03/2026
DOC001371;EM ANALISE;Auditoria;3833,03;12/02/2026
DOC001372;RECUSADO;Diretoria;4708,45;17/07/2026
DOC001373;PENDENTE;Auditoria;4402,88;11/05/2026
DOC001374;RECUSADO;Diretoria;7350,87;28/02/2026
DOC001375;RECUSADO;Diretoria;5003,34;04/05/2026
DOC001376;APROVADO;Diretoria;5027,43;25/01/2026
DOC001377;PENDENTE;Auditoria;5066,12;21/05/2026
DOC001378;RECUSADO;Operações;735,45;18/06/2026
DOC001379;RECUSADO;Auditoria;2730,93;27/06/2026
DOC001380;APROVADO;Auditoria;7989,67;19/04/2026
DOC001381;APROVADO;Auditoria;7171,37;18/03/2026
DOC001382;PENDENTE;Auditoria;881,03;15/09/2026
DOC001383;PENDENTE;Operações;6924,44;25/02/2026
DOC001384;RECUSADO;Diretoria;8140,56;12/04/2026
DOC001385;APROVADO;Auditoria;410,39;17/01/2026
DOC001386;EM ANALISE;Auditoria;5782,08;16/06/2026
DOC001387;EM ANALISE;Auditoria;2216,47;25/05/2026
DOC001388;APROVADO;Auditoria;6376,10;18/08/2026
DOC001389;APROVADO;Diretoria;3772,08;08/07/2026
DOC001390;RECUSADO;Operações;4899,46;08/04/2026
DOC001391;APROVADO;Diretoria;681,08;26/04/2026
DOC001392;APROVADO;Auditoria;4750,07;02/07/2026
DOC001393;PENDENTE;Diretoria;2560,72;22/09/2026
DOC001394;APROVADO;Operações;5350,09;13/08/2026
DOC001395;APROVADO;Diretoria;1382,40;15/03/2026
DOC001396;RECUSADO;Operações;3146,48;24/02/2026
DOC001397;RECUSADO;Diretoria;2321,88;23/05/2026
DOC001398;EM ANALISE;Operações;568,04;21/05/2026
DOC001399;EM ANALISE;Auditoria;2061,97;27/09/2026
DOC001400;RECUSADO;Diretoria;7457,96;23/08/2026
DOC001401;PENDENTE;Auditoria;4937,76;18/01/2026
DOC001402;APROVADO;Diretoria;4632,18;23/04/2026
DOC001403;EM ANALISE;Operações;8125,17;18/01/2026
DOC001404;EM ANALISE;Diretoria;1895,62;03/08/2026
DOC001405;RECUSADO;Operações;6165,19;09/05/2026
DOC001406;APROVADO;Auditoria;3256,49;13/03/2026
DOC001407;RECUSADO;Diretoria;5941,20;12/04/2026
DOC001408;EM ANALISE;Diretoria;1212,00;15/04/2026
DOC001409;EM ANALISE;Operações;5873,89;24/06/2026
DOC001410;PENDENTE;Auditoria;397,04;04/09/2026
DOC001411;RECUSADO;Diretoria;552,92;06/04/2026
DOC001412;RECUSADO;Auditoria;2180,70;08/06/2026
DOC001413;RECUSADO;Auditoria;6173,82;11/03/2026
DOC001414;APROVADO;Operações;1080,46;02/02/2026
DOC001415;EM ANALISE;Diretoria;3343,13;19/02/2026
DOC001416;PENDENTE;Auditoria;7029,64;24/06/2026
DOC001417;RECUSADO;Operações;1895,11;04/06/2026
DOC001418;PENDENTE;Auditoria;7388,55;20/09/2026
DOC001419;RECUSADO;Operações;4985,94;03/02/2026
DOC001420;RECUSADO;Operações;7266,86;28/01/2026
DOC001421;EM ANALISE;Auditoria;827,74;07/03/2026
DOC001422;PENDENTE;Operações;5352,74;12/08/2026
DOC001423;APROVADO;Auditoria;1766,06;28/05/2026
DOC001424;RECUSADO;Diretoria;1704,35;15/04/2026
DOC001425;RECUSADO;Diretoria;6599,65;09/04/2026
DOC001426;APROVADO;Auditoria;678,50;10/08/2026
DOC001427;PENDENTE;Operações;6860,61;13/09/2026
DOC001428;RECUSADO;Operações;1684,19;02/02/2026
DOC001429;APROVADO;Diretoria;3892,01;22/03/2026
DOC001430;APROVADO;Auditoria;1702,39;03/05/2026
DOC001431;EM ANALISE;Diretoria;7775,69;06/05/2026
DOC001432;RECUSADO;Operações;3727,18;26/02/2026
DOC001433;RECUSADO;Auditoria;4454,00;02/09/2026
DOC001434;EM ANALISE;Diretoria;3489,77;16/09/2026
DOC001435;PENDENTE;Auditoria;3525,51;24/05/2026
DOC001436;APROVADO;Diretoria;7688,94;15/05/2026
DOC001437;RECUSADO;Operações;7140,74;06/07/2026
DOC001438;EM ANALISE;Auditoria;6917,91;19/06/2026
DOC001439;RECUSADO;Auditoria;5199,39;22/08/2026
DOC001440;PENDENTE;Diretoria;6511,97;04/06/2026
DOC001441;RECUSADO;Auditoria;3074,26;23/02/2026
DOC001442;PENDENTE;Diretoria;8117,00;16/09/2026
DOC001443;APROVADO;Diretoria;6144,86;19/09/2026
DOC001444;APROVADO;Operações;5806,96;09/04/2026
DOC001445;PENDENTE;Auditoria;716,96;08/03/2026
DOC001446;PENDENTE;Diretoria;7663,45;13/02/2026
DOC001447;APROVADO;Auditoria;3544,91;17/05/2026
DOC001448;PENDENTE;Operações;3380,71;13/07/2026
DOC001449;EM ANALISE;Operações;2145,36;09/03/2026
DOC001450;APROVADO;Operações;4030,13;13/09/2026
DOC001451;PENDENTE;Diretoria;6697,20;16/05/2026
DOC001452;APROVADO;Operações;2247,61;10/07/2026
DOC001453;APROVADO;Auditoria;8351,90;26/09/2026
DOC001454;EM ANALISE;Auditoria;4292,66;27/06/2026
DOC001455;APROVADO;Operações;7894,33;06/03/2026
DOC001456;EM ANALISE;Diretoria;3669,60;16/07/2026
DOC001457;PENDENTE;Diretoria;6244,45;17/03/2026
DOC001458;APROVADO;Diretoria;7038,06;27/01/2026
DOC001459;RECUSADO;Auditoria;3685,89;19/01/2026
DOC001460;APROVADO;Auditoria;1611,61;01/07/2026
DOC001461;RECUSADO;Operações;2676,84;11/08/2026
DOC001462;APROVADO;Diretoria;2432,23;10/06/2026
DOC001463;APROVADO;Auditoria;5741,14;08/03/2026
DOC001464;APROVADO;Auditoria;8028,85;15/07/2026
DOC001465;APROVADO;Diretoria;6922,74;11/05/2026
DOC001466;EM ANALISE;Operações;2642,86;07/03/2026
DOC001467;APROVADO;Operações;5023,94;28/04/2026
DOC001468;EM ANALISE;Diretoria;3088,95;04/05/2026
DOC001469;EM ANALISE;Diretoria;624,89;03/02/2026
DOC001470;PENDENTE;Operações;6764,03;22/04/2026
DOC001471;RECUSADO;Auditoria;5084,60;04/07/2026
DOC001472;PENDENTE;Diretoria;8017,26;24/07/2026
DOC001473;APROVADO;Auditoria;5071,04;04/03/2026
DOC001474;EM ANALISE;Diretoria;4166,81;05/08/2026
DOC001475;PENDENTE;Operações;5136,04;12/09/2026
DOC001476;PENDENTE;Auditoria;1242,96;28/06/2026
DOC001477;RECUSADO;Operações;6103,40;01/06/2026
DOC001478;EM ANALISE;Auditoria;1355,67;25/07/2026
DOC001479;RECUSADO;Operações;918,18;23/02/2026
DOC001480;APROVADO;Auditoria;6791,12;27/04/2026
DOC001481;EM ANALISE;Operações;8066,16;16/06/2026
DOC001482;EM ANALISE;Auditoria;774,25;23/01/2026
DOC001483;PENDENTE;Operações;6019,64;03/01/2026
DOC001484;PENDENTE;Diretoria;3598,68;14/01/2026
DOC001485;APROVADO;Operações;428,88;17/09/2026
DOC001486;APROVADO;Operações;2054,85;01/05/2026
DOC001487;EM ANALISE;Operações;2206,53;03/09/2026
DOC001488;RECUSADO;Auditoria;5978,40;24/09/2026
DOC001489;APROVADO;Auditoria;4291,67;04/08/2026
DOC001490;RECUSADO;Operações;3880,45;06/08/2026
DOC001491;RECUSADO;Operações;7279,02;19/02/2026
DOC001492;EM ANALISE;Operações;2726,15;09/08/2026
DOC001493;RECUSADO;Operações;7501,22;28/03/2026
DOC001494;RECUSADO;Operações;728,86;03/01/2026
DOC001495;PENDENTE;Operações;5421,37;17/01/2026
DOC001496;EM ANALISE;Auditoria;5713,59;21/07/2026
DOC001497;EM ANALISE;Diretoria;7450,63;02/08/2026
DOC001498;PENDENTE;Diretoria;2467,02;21/04/2026
DOC001499;PENDENTE;Auditoria;6733,60;16/09/2026
DOC001500;APROVADO;Diretoria;1620,80;22/01/2026
DOC001501;PENDENTE;Auditoria;4502,43;01/04/2026
DOC001502;RECUSADO;Operações;1222,12;03/05/2026
DOC001503;PENDENTE;Auditoria;3242,70;17/04/2026
DOC001504;EM ANALISE;Auditoria;7769,38;21/09/2026
DOC001505;PENDENTE;Operações;2588,33;15/04/2026
DOC001506;RECUSADO;Diretoria;3447,69;24/04/2026
DOC001507;PENDENTE;Auditoria;4800,53;06/07/2026
DOC001508;EM ANALISE;Diretoria;5292,69;20/04/2026
DOC001509;APROVADO;Diretoria;2483,26;26/09/2026
DOC001510;RECUSADO;Auditoria;5641,96;02/02/2026
DOC001511;RECUSADO;Diretoria;2425,16;04/03/2026
DOC001512;EM ANALISE;Auditoria;2462,77;04/08/2026
DOC001513;PENDENTE;Operações;5152,14;25/01/2026
DOC001514;RECUSADO;Auditoria;4041,82;11/04/2026
DOC001515;EM ANALISE;Auditoria;6523,22;13/09/2026
DOC001516;EM ANALISE;Operações;6018,60;03/03/2026
DOC001517;EM ANALISE;Auditoria;3419,41;20/05/2026
DOC001518;RECUSADO;Auditoria;6542,06;15/05/2026
DOC001519;PENDENTE;Auditoria;8256,37;24/07/2026
DOC001520;APROVADO;Diretoria;3791,81;16/03/2026
DOC001521;APROVADO;Operações;7190,87;13/09/2026
DOC001522;APROVADO;Operações;4567,87;16/03/2026
DOC001523;EM ANALISE;Auditoria;1568,86;16/01/2026
DOC001524;RECUSADO;Auditoria;2273,04;27/03/2026
DOC001525;APROVADO;Auditoria;1623,76;22/08/2026
DOC001526;RECUSADO;Auditoria;1126,79;21/08/2026
DOC001527;RECUSADO;Operações;5332,63;07/04/2026
DOC001528;RECUSADO;Diretoria;8353,21;23/09/2026
DOC001529;RECUSADO;Operações;7838,60;14/01/2026
DOC001530;EM ANALISE;Operações;5319,87;12/04/2026
DOC001531;EM ANALISE;Diretoria;8273,01;20/01/2026
DOC001532;EM ANALISE;Auditoria;419,20;28/05/2026
DOC001533;APROVADO;Diretoria;2033,69;04/03/2026
DOC001534;RECUSADO;Diretoria;3806,19;27/05/2026
DOC001535;EM ANALISE;Operações;8371,01;02/03/2026
DOC001536;RECUSADO;Auditoria;7419,41;15/06/2026
DOC001537;PENDENTE;Diretoria;6701,79;17/07/2026
DOC001538;RECUSADO;Operações;5214,72;16/08/2026
DOC001539;APROVADO;Diretoria;5271,23;28/07/2026
DOC001540;RECUSADO;Operações;1458,92;11/09/2026
DOC001541;APROVADO;Operações;7090,32;22/06/2026
DOC001542;PENDENTE;Auditoria;1855,55;14/06/2026
DOC001543;EM ANALISE;Operações;5661,33;23/02/2026
DOC001544;EM ANALISE;Auditoria;7454,61;11/07/2026
DOC001545;RECUSADO;Auditoria;3873,48;18/07/2026
DOC001546;APROVADO;Auditoria;3530,28;14/01/2026
DOC001547;PENDENTE;Operações;4301,43;22/01/2026
DOC001548;EM ANALISE;Auditoria;5237,68;27/07/2026
DOC001549;PENDENTE;Diretoria;5591,79;21/05/2026
DOC001550;RECUSADO;Operações;5523,96;22/05/2026
DOC001551;PENDENTE;Auditoria;823,55;08/01/2026
DOC001552;EM ANALISE;Operações;4610,21;15/08/2026
DOC001553;APROVADO;Diretoria;7807,06;15/05/2026
DOC001554;RECUSADO;Auditoria;2871,48;17/07/2026
DOC001555;APROVADO;Diretoria;1248,11;02/05/2026
DOC001556;APROVADO;Auditoria;5877,26;28/06/2026
DOC001557;APROVADO;Auditoria;7586,23;27/03/2026
DOC001558;APROVADO;Diretoria;7453,58;23/03/2026
DOC001559;PENDENTE;Diretoria;3824,65;13/04/2026
DOC001560;RECUSADO;Diretoria;5674,91;02/09/2026
DOC001561;PENDENTE;Diretoria;6405,37;15/03/2026
DOC001562;EM ANALISE;Diretoria;4172,41;14/01/2026
DOC001563;EM ANALISE;Operações;8017,50;11/03/2026
DOC001564;EM ANALISE;Operações;6452,07;03/04/2026
DOC001565;EM ANALISE;Operações;5898,13;09/09/2026
DOC001566;RECUSADO;Operações;3338,50;24/09/2026
DOC001567;APROVADO;Operações;2614,38;21/05/2026
DOC001568;EM ANALISE;Auditoria;5538,54;08/03/2026
DOC001569;APROVADO;Diretoria;3529,00;14/08/2026
DOC001570;RECUSADO;Diretoria;2681,49;04/08/2026
DOC001571;EM ANALISE;Auditoria;4050,08;09/09/2026
DOC001572;RECUSADO;Diretoria;1627,15;20/08/2026
DOC001573;EM ANALISE;Auditoria;2149,99;02/01/2026
DOC001574;EM ANALISE;Diretoria;2963,64;23/02/2026
DOC001575;EM ANALISE;Auditoria;7762,60;05/07/2026
DOC001576;APROVADO;Auditoria;2141,86;20/06/2026
DOC001577;PENDENTE;Auditoria;5297,29;16/01/2026
DOC001578;EM ANALISE;Diretoria;6618,53;09/01/2026
DOC001579;PENDENTE;Operações;1691,90;24/03/2026
DOC001580;RECUSADO;Diretoria;246,35;19/08/2026
DOC001581;APROVADO;Diretoria;7867,42;05/09/2026
DOC001582;EM ANALISE;Auditoria;3725,35;07/04/2026
DOC001583;RECUSADO;Auditoria;2157,37;13/03/2026
DOC001584;EM ANALISE;Auditoria;5262,70;09/05/2026
DOC001585;EM ANALISE;Operações;6255,57;21/08/2026
DOC001586;EM ANALISE;Auditoria;1718,05;22/01/2026
DOC001587;PENDENTE;Auditoria;4603,34;04/02/2026
DOC001588;APROVADO;Operações;6524,72;02/07/2026
DOC001589;RECUSADO;Diretoria;6249,20;05/08/2026
DOC001590;PENDENTE;Operações;2229,09;21/09/2026
DOC001591;APROVADO;Diretoria;3530,80;11/08/2026
DOC001592;APROVADO;Auditoria;165,88;24/06/2026
DOC001593;PENDENTE;Diretoria;274,63;18/01/2026
DOC001594;APROVADO;Operações;169,51;22/01/2026
DOC001595;APROVADO;Auditoria;5522,34;27/08/2026
DOC001596;RECUSADO;Diretoria;435,02;11/02/2026
DOC001597;EM ANALISE;Operações;3585,00;07/06/2026
DOC001598;PENDENTE;Operações;4187,80;26/07/2026
DOC001599;APROVADO;Diretoria;3077,72;18/08/2026
DOC001600;PENDENTE;Diretoria;4751,26;06/02/2026
DOC001601;EM ANALISE;Auditoria;5548,25;20/08/2026
DOC001602;PENDENTE;Diretoria;5869,60;12/06/2026
DOC001603;EM ANALISE;Auditoria;4276,97;26/02/2026
DOC001604;RECUSADO;Auditoria;4000,48;10/05/2026
DOC001605;EM ANALISE;Operações;7233,50;24/07/2026
DOC001606;RECUSADO;Diretoria;6376,63;23/02/2026
DOC001607;RECUSADO;Diretoria;2733,75;24/06/2026
DOC001608;EM ANALISE;Operações;3891,39;05/03/2026
DOC001609;RECUSADO;Diretoria;8000,54;18/01/2026
DOC001610;PENDENTE;Diretoria;3649,64;10/03/2026
DOC001611;RECUSADO;Auditoria;4143,04;05/01/2026
DOC001612;PENDENTE;Operações;1090,40;10/01/2026
DOC001613;APROVADO;Auditoria;404,36;23/03/2026
DOC001614;APROVADO;Diretoria;6681,49;22/05/2026
DOC001615;EM ANALISE;Diretoria;3789,36;20/06/2026
DOC001616;EM ANALISE;Auditoria;3127,40;19/04/2026
DOC001617;PENDENTE;Operações;6934,38;27/07/2026
DOC001618;RECUSADO;Diretoria;5220,65;04/07/2026
DOC001619;PENDENTE;Auditoria;3850,64;03/03/2026
DOC001620;EM ANALISE;Diretoria;190,47;02/08/2026
DOC001621;EM ANALISE;Auditoria;3694,50;20/07/2026
DOC001622;APROVADO;Diretoria;2953,25;13/04/2026
DOC001623;APROVADO;Diretoria;4674,94;19/04/2026
DOC001624;EM ANALISE;Diretoria;7345,02;09/02/2026
DOC001625;RECUSADO;Auditoria;4724,10;05/07/2026
DOC001626;RECUSADO;Operações;979,96;17/04/2026
DOC001627;PENDENTE;Diretoria;6006,67;27/07/2026
DOC001628;RECUSADO;Operações;5017,87;02/06/2026
DOC001629;PENDENTE;Diretoria;5186,23;19/03/2026
DOC001630;RECUSADO;Operações;1492,51;17/07/2026
DOC001631;APROVADO;Auditoria;58,39;07/02/2026
DOC001632;APROVADO;Diretoria;153,29;19/04/2026
DOC001633;RECUSADO;Auditoria;411,89;27/09/2026
DOC001634;RECUSADO;Operações;1383,12;22/03/2026
DOC001635;EM ANALISE;Auditoria;504,28;18/06/2026
DOC001636;EM ANALISE;Operações;6539,98;23/07/2026
DOC001637;RECUSADO;Diretoria;2033,01;19/08/2026
DOC001638;APROVADO;Auditoria;3874,03;11/01/2026
DOC001639;RECUSADO;Diretoria;3837,77;09/09/2026
DOC001640;APROVADO;Diretoria;2997,47;27/05/2026
DOC001641;RECUSADO;Diretoria;8370,47;18/02/2026
DOC001642;PENDENTE;Auditoria;3749,94;01/07/2026
DOC001643;PENDENTE;Operações;5989,98;25/05/2026
DOC001644;APROVADO;Diretoria;1707,44;26/03/2026
DOC001645;EM ANALISE;Operações;4671,60;26/06/2026
DOC001646;RECUSADO;Diretoria;8258,68;22/03/2026
DOC001647;RECUSADO;Diretoria;2345,62;20/06/2026
DOC001648;EM ANALISE;Operações;2195,14;17/07/2026
DOC001649;PENDENTE;Auditoria;972,72;28/08/2026
DOC001650;PENDENTE;Diretoria;8291,46;23/07/2026
DOC001651;PENDENTE;Auditoria;3668,13;04/09/2026
DOC001652;RECUSADO;Operações;2618,67;09/04/2026
DOC001653;EM ANALISE;Diretoria;257,75;14/05/2026
DOC001654;PENDENTE;Diretoria;5782,05;09/05/2026
DOC001655;EM ANALISE;Operações;7031,01;09/04/2026
DOC001656;RECUSADO;Operações;2700,43;28/06/2026
DOC001657;RECUSADO;Operações;8249,95;01/04/2026
DOC001658;APROVADO;Auditoria;6653,28;08/02/2026
DOC001659;EM ANALISE;Operações;8238,43;13/06/2026
DOC001660;PENDENTE;Diretoria;6506,34;14/07/2026
DOC001661;EM ANALISE;Diretoria;6929,36;07/08/2026
DOC001662;RECUSADO;Diretoria;3325,89;26/06/2026
DOC001663;APROVADO;Diretoria;6256,57;27/09/2026
DOC001664;PENDENTE;Diretoria;7122,90;14/04/2026
DOC001665;APROVADO;Auditoria;48,74;02/09/2026
DOC001666;APROVADO;Diretoria;5796,99;14/07/2026
DOC001667;EM ANALISE;Operações;3866,86;07/01/2026
DOC001668;EM ANALISE;Diretoria;6968,81;15/07/2026
DOC001669;PENDENTE;Diretoria;3810,26;27/03/2026
DOC001670;EM ANALISE;Auditoria;6469,18;05/01/2026
DOC001671;APROVADO;Auditoria;3416,96;13/03/2026
DOC001672;RECUSADO;Auditoria;7102,35;22/04/2026
DOC001673;PENDENTE;Auditoria;2811,39;01/02/2026
DOC001674;EM ANALISE;Auditoria;2166,57;19/04/2026
DOC001675;EM ANALISE;Operações;3539,98;20/05/2026
DOC001676;PENDENTE;Diretoria;6978,18;07/03/2026
DOC001677;RECUSADO;Operações;397,25;01/01/2026
DOC001678;PENDENTE;Diretoria;4310,43;15/05/2026
DOC001679;PENDENTE;Operações;4173,45;16/08/2026
DOC001680;PENDENTE;Auditoria;3650,65;26/04/2026
DOC001681;RECUSADO;Auditoria;8064,35;17/02/2026
DOC001682;APROVADO;Auditoria;4251,28;22/05/2026
DOC001683;EM ANALISE;Operações;8030,60;17/01/2026
DOC001684;RECUSADO;Diretoria;2318,51;07/04/2026
DOC001685;PENDENTE;Auditoria;6378,94;26/02/2026
DOC001686;APROVADO;Auditoria;1057,46;06/05/2026
DOC001687;EM ANALISE;Operações;5290,21;11/07/2026
DOC001688;APROVADO;Operações;746,06;05/05/2026
DOC001689;PENDENTE;Operações;2166,94;03/03/2026
DOC001690;RECUSADO;Auditoria;3430,34;07/04/2026
DOC001691;APROVADO;Auditoria;4856,74;27/09/2026
DOC001692;RECUSADO;Operações;3978,42;25/06/2026
DOC001693;APROVADO;Diretoria;64,85;03/01/2026
DOC001694;APROVADO;Auditoria;5518,85;19/01/2026
DOC001695;APROVADO;Operações;6984,35;17/03/2026
DOC001696;PENDENTE;Auditoria;1950,77;19/05/2026
DOC001697;RECUSADO;Auditoria;3621,83;06/02/2026
DOC001698;RECUSADO;Auditoria;1419,78;06/04/2026
DOC001699;PENDENTE;Auditoria;2546,97;01/06/2026
DOC001700;RECUSADO;Auditoria;5863,13;07/05/2026
DOC001701;EM ANALISE;Diretoria;1350,34;19/02/2026
DOC001702;EM ANALISE;Auditoria;5895,62;11/03/2026
DOC001703;PENDENTE;Auditoria;2361,37;05/08/2026
DOC001704;APROVADO;Operações;397,95;24/01/2026
DOC001705;PENDENTE;Auditoria;5844,21;26/06/2026
DOC001706;APROVADO;Diretoria;1653,66;25/01/2026
DOC001707;PENDENTE;Operações;1632,23;23/06/2026
DOC001708;APROVADO;Auditoria;1998,01;20/01/2026
DOC001709;PENDENTE;Auditoria;5669,71;15/03/2026
DOC001710;EM ANALISE;Diretoria;4414,54;18/08/2026
DOC001711;APROVADO;Diretoria;1573,94;22/06/2026
DOC001712;EM ANALISE;Operações;4263,54;05/06/2026
DOC001713;RECUSADO;Diretoria;2212,18;11/02/2026
DOC001714;EM ANALISE;Diretoria;2075,95;10/07/2026
DOC001715;PENDENTE;Auditoria;1987,35;09/04/2026
DOC001716;EM ANALISE;Auditoria;5034,20;04/02/2026
DOC001717;PENDENTE;Operações;440,64;28/06/2026
DOC001718;APROVADO;Diretoria;1524,82;15/06/2026
DOC001719;PENDENTE;Auditoria;5449,77;03/07/2026
DOC001720;RECUSADO;Operações;7290,89;27/01/2026
DOC001721;EM ANALISE;Auditoria;6453,85;01/06/2026
DOC001722;EM ANALISE;Operações;3675,06;03/03/2026
DOC001723;PENDENTE;Operações;653,13;22/02/2026
DOC001724;PENDENTE;Diretoria;4269,92;07/03/2026
DOC001725;APROVADO;Diretoria;5659,54;09/07/2026
DOC001726;APROVADO;Auditoria;6245,14;13/03/2026
DOC001727;APROVADO;Auditoria;3437,73;14/05/2026
DOC001728;RECUSADO;Operações;7831,52;17/01/2026
DOC001729;RECUSADO;Operações;265,09;14/02/2026
DOC001730;APROVADO;Operações;1190,37;09/02/2026
DOC001731;RECUSADO;Auditoria;3507,19;27/04/2026
DOC001732;EM ANALISE;Diretoria;1534,16;16/05/2026
DOC001733;APROVADO;Auditoria;1650,77;17/08/2026
DOC001734;PENDENTE;Operações;7648,93;15/03/2026
DOC001735;EM ANALISE;Auditoria;1697,67;16/09/2026
DOC001736;PENDENTE;Auditoria;6079,94;22/03/2026
DOC001737;RECUSADO;Operações;2626,33;19/06/2026
DOC001738;PENDENTE;Auditoria;2514,38;15/02/2026
DOC001739;APROVADO;Diretoria;8164,98;18/08/2026
DOC001740;EM ANALISE;Operações;5102,23;18/09/2026
DOC001741;RECUSADO;Diretoria;3264,59;06/03/2026
DOC001742;EM ANALISE;Operações;5770,04;24/04/2026
DOC001743;RECUSADO;Auditoria;4607,42;11/01/2026
DOC001744;EM ANALISE;Auditoria;5657,37;24/03/2026
DOC001745;EM ANALISE;Operações;139,10;09/03/2026
DOC001746;RECUSADO;Auditoria;727,31;25/02/2026
DOC001747;PENDENTE;Operações;7383,79;03/06/2026
DOC001748;APROVADO;Operações;1281,69;10/01/2026
DOC001749;EM ANALISE;Auditoria;6439,97;08/06/2026
DOC001750;PENDENTE;Operações;1507,66;18/08/2026
DOC001751;APROVADO;Operações;6844,33;01/07/2026
DOC001752;APROVADO;Diretoria;6674,31;17/08/2026
DOC001753;RECUSADO;Operações;2718,37;18/09/2026
DOC001754;APROVADO;Auditoria;7258,95;10/02/2026
DOC001755;EM ANALISE;Diretoria;2573,92;27/09/2026
DOC001756;RECUSADO;Diretoria;6811,58;18/05/2026
DOC001757;PENDENTE;Auditoria;6566,09;08/02/2026
DOC001758;APROVADO;Operações;326,62;05/03/2026
DOC001759;RECUSADO;Diretoria;3021,84;15/01/2026
DOC001760;EM ANALISE;Diretoria;7643,13;04/02/2026
DOC001761;PENDENTE;Operações;5575,61;17/06/2026
DOC001762;APROVADO;Auditoria;2931,88;08/04/2026
DOC001763;RECUSADO;Diretoria;3967,20;22/08/2026
DOC001764;RECUSADO;Diretoria;8378,62;15/08/2026
DOC001765;RECUSADO;Diretoria;822,31;09/02/2026
DOC001766;RECUSADO;Auditoria;1555,63;16/03/2026
DOC001767;APROVADO;Operações;4617,02;21/08/2026
DOC001768;RECUSADO;Diretoria;6621,14;09/02/2026
DOC001769;PENDENTE;Operações;7969,03;23/03/2026
DOC001770;PENDENTE;Operações;4223,76;20/06/2026
DOC001771;RECUSADO;Auditoria;6091,73;21/03/2026
DOC001772;RECUSADO;Auditoria;3915,88;28/06/2026
DOC001773;RECUSADO;Diretoria;6901,38;15/04/2026
DOC001774;APROVADO;Auditoria;109,92;05/01/2026
DOC001775;RECUSADO;Operações;7058,72;04/03/2026
DOC001776;RECUSADO;Operações;8402,72;16/05/2026
DOC001777;RECUSADO;Diretoria;7158,92;23/09/2026
DOC001778;APROVADO;Operações;2430,05;02/01/2026
DOC001779;RECUSADO;Diretoria;3036,95;13/07/2026
DOC001780;RECUSADO;Diretoria;105,36;12/07/2026
DOC001781;APROVADO;Auditoria;5729,46;18/03/2026
DOC001782;EM ANALISE;Diretoria;1669,60;15/01/2026
DOC001783;APROVADO;Operações;7948,55;07/08/2026
DOC001784;EM ANALISE;Diretoria;60,87;13/06/2026
DOC001785;PENDENTE;Operações;2294,59;03/04/2026
DOC001786;PENDENTE;Auditoria;509,13;16/03/2026
DOC001787;APROVADO;Operações;2102,00;07/09/2026
DOC001788;RECUSADO;Operações;4416,97;24/02/2026
DOC001789;PENDENTE;Diretoria;5894,54;24/06/2026
DOC001790;PENDENTE;Diretoria;1370,39;16/04/2026
DOC001791;APROVADO;Diretoria;1516,20;12/03/2026
DOC001792;APROVADO;Auditoria;1843,20;07/03/2026
DOC001793;EM ANALISE;Operações;6033,06;05/09/2026
DOC001794;RECUSADO;Diretoria;6705,25;21/06/2026
DOC001795;APROVADO;Diretoria;7121,79;21/03/2026
DOC001796;EM ANALISE;Diretoria;1162,45;06/06/2026
DOC001797;EM ANALISE;Operações;6617,58;01/01/2026
DOC001798;PENDENTE;Auditoria;1561,01;26/03/2026
DOC001799;RECUSADO;Diretoria;6728,45;03/04/2026
DOC001800;PENDENTE;Auditoria;8328,36;17/09/2026
DOC001801;APROVADO;Auditoria;5402,51;01/09/2026
DOC001802;PENDENTE;Operações;816,53;22/01/2026
DOC001803;EM ANALISE;Auditoria;2985,72;14/01/2026
DOC001804;PENDENTE;Auditoria;5069,23;11/07/2026
DOC001805;APROVADO;Auditoria;3649,22;08/05/2026
DOC001806;RECUSADO;Diretoria;6691,97;08/03/2026
DOC001807;EM ANALISE;Operações;1218,75;23/01/2026
DOC001808;PENDENTE;Auditoria;896,63;16/06/2026
DOC001809;RECUSADO;Diretoria;3756,54;11/04/2026
DOC001810;APROVADO;Diretoria;810,94;03/06/2026
DOC001811;EM ANALISE;Diretoria;5154,58;20/05/2026
DOC001812;EM ANALISE;Auditoria;6819,68;04/02/2026
DOC001813;APROVADO;Operações;5096,41;27/02/2026
DOC001814;PENDENTE;Auditoria;1648,42;22/01/2026
DOC001815;APROVADO;Diretoria;7669,53;25/05/2026
DOC001816;PENDENTE;Diretoria;2471,71;27/06/2026
DOC001817;PENDENTE;Operações;4338,03;15/06/2026
DOC001818;APROVADO;Auditoria;6775,39;04/05/2026
DOC001819;APROVADO;Diretoria;7993,31;24/01/2026
DOC001820;APROVADO;Auditoria;8387,64;23/07/2026
DOC001821;RECUSADO;Diretoria;8332,27;26/01/2026
DOC001822;APROVADO;Diretoria;1598,44;17/03/2026
DOC001823;APROVADO;Operações;6988,10;26/01/2026
DOC001824;APROVADO;Auditoria;5004,54;21/01/2026
DOC001825;PENDENTE;Operações;1767,92;19/02/2026
DOC001826;APROVADO;Operações;6703,64;24/07/2026
DOC001827;PENDENTE;Operações;5476,61;23/04/2026
DOC001828;PENDENTE;Operações;7421,48;28/02/2026
DOC001829;RECUSADO;Operações;1124,17;25/05/2026
DOC001830;EM ANALISE;Operações;3828,91;20/06/2026
DOC001831;EM ANALISE;Diretoria;3125,83;01/02/2026
DOC001832;APROVADO;Auditoria;5314,09;28/07/2026
DOC001833;APROVADO;Auditoria;2894,87;21/04/2026
DOC001834;PENDENTE;Auditoria;7351,73;21/03/2026
DOC001835;PENDENTE;Diretoria;5030,72;06/07/2026
DOC001836;EM ANALISE;Auditoria;5228,14;16/09/2026
DOC001837;RECUSADO;Auditoria;6411,85;01/07/2026
DOC001838;APROVADO;Operações;2443,39;02/01/2026
DOC001839;APROVADO;Auditoria;6995,09;01/02/2026
DOC001840;RECUSADO;Operações;3381,60;25/05/2026
DOC001841;PENDENTE;Auditoria;4453,75;05/02/2026
DOC001842;EM ANALISE;Diretoria;3619,58;04/09/2026
DOC001843;RECUSADO;Auditoria;3014,37;11/06/2026
DOC001844;APROVADO;Operações;2644,38;14/03/2026
DOC001845;APROVADO;Operações;3673,03;20/01/2026
DOC001846;RECUSADO;Auditoria;1112,95;09/09/2026
DOC001847;PENDENTE;Operações;7819,62;03/05/2026
DOC001848;APROVADO;Operações;2260,38;03/02/2026
DOC001849;RECUSADO;Auditoria;7505,98;19/06/2026
DOC001850;RECUSADO;Diretoria;2767,37;18/02/2026
DOC001851;APROVADO;Diretoria;5226,32;02/03/2026
DOC001852;EM ANALISE;Diretoria;5326,04;19/05/2026
DOC001853;EM ANALISE;Diretoria;7749,92;09/07/2026
DOC001854;RECUSADO;Operações;1080,90;12/05/2026
DOC001855;APROVADO;Operações;3737,53;16/08/2026
DOC001856;EM ANALISE;Auditoria;1423,01;17/09/2026
DOC001857;APROVADO;Diretoria;3203,97;11/01/2026
DOC001858;EM ANALISE;Auditoria;4944,61;10/05/2026
DOC001859;EM ANALISE;Auditoria;6315,91;07/08/2026
DOC001860;PENDENTE;Diretoria;1093,24;10/02/2026
DOC001861;PENDENTE;Operações;8173,22;22/07/2026
DOC001862;RECUSADO;Diretoria;2099,97;11/02/2026
DOC001863;PENDENTE;Auditoria;3326,56;10/01/2026
DOC001864;EM ANALISE;Auditoria;961,70;13/04/2026
DOC001865;PENDENTE;Operações;2858,73;26/02/2026
DOC001866;EM ANALISE;Diretoria;5845,99;03/06/2026
DOC001867;APROVADO;Operações;5064,04;13/01/2026
DOC001868;EM ANALISE;Operações;438,25;13/03/2026
DOC001869;EM ANALISE;Diretoria;4221,42;09/07/2026
DOC001870;APROVADO;Auditoria;6200,32;23/01/2026
DOC001871;RECUSADO;Operações;2568,02;01/01/2026
DOC001872;PENDENTE;Diretoria;3811,30;07/08/2026
DOC001873;EM ANALISE;Operações;3257,25;25/04/2026
DOC001874;APROVADO;Auditoria;8415,62;01/05/2026
DOC001875;EM ANALISE;Auditoria;7131,99;17/01/2026
DOC001876;APROVADO;Auditoria;6840,33;13/08/2026
DOC001877;RECUSADO;Diretoria;4991,00;11/06/2026
DOC001878;RECUSADO;Diretoria;3951,47;21/05/2026
DOC001879;EM ANALISE;Auditoria;3146,52;15/07/2026
DOC001880;APROVADO;Auditoria;5133,79;20/08/2026
DOC001881;EM ANALISE;Operações;4208,99;18/06/2026
DOC001882;APROVADO;Diretoria;2025,32;23/09/2026
DOC001883;APROVADO;Diretoria;3748,24;16/05/2026
DOC001884;RECUSADO;Operações;3615,99;10/09/2026
DOC001885;EM ANALISE;Operações;5296,81;25/07/2026
DOC001886;PENDENTE;Auditoria;7190,47;05/02/2026
DOC001887;PENDENTE;Diretoria;2222,62;11/01/2026
DOC001888;RECUSADO;Operações;3916,38;22/05/2026
DOC001889;RECUSADO;Diretoria;7888,27;04/07/2026
DOC001890;PENDENTE;Diretoria;5823,31;04/04/2026
DOC001891;PENDENTE;Operações;5600,91;01/01/2026
DOC001892;PENDENTE;Operações;3091,05;08/03/2026
DOC001893;APROVADO;Auditoria;6340,94;05/09/2026
DOC001894;APROVADO;Diretoria;7445,11;04/06/2026
DOC001895;PENDENTE;Operações;7695,98;17/06/2026
DOC001896;APROVADO;Operações;4900,22;21/07/2026
DOC001897;EM ANALISE;Auditoria;5802,83;08/03/2026
DOC001898;PENDENTE;Operações;1035,43;20/02/2026
DOC001899;APROVADO;Auditoria;782,15;23/03/2026
DOC001900;APROVADO;Auditoria;4890,62;16/02/2026
DOC001901;RECUSADO;Auditoria;8376,11;25/06/2026
DOC001902;EM ANALISE;Auditoria;169,81;16/08/2026
DOC001903;PENDENTE;Diretoria;937,53;19/08/2026
DOC001904;APROVADO;Diretoria;5077,82;05/05/2026
DOC001905;PENDENTE;Diretoria;1739,28;21/07/2026
DOC001906;RECUSADO;Auditoria;8373,65;07/04/2026
DOC001907;EM ANALISE;Diretoria;6184,38;19/02/2026
DOC001908;APROVADO;Diretoria;6451,29;10/05/2026
DOC001909;RECUSADO;Diretoria;7489,04;14/05/2026
DOC001910;APROVADO;Auditoria;2710,48;11/06/2026
DOC001911;PENDENTE;Operações;5806,00;17/05/2026
DOC001912;PENDENTE;Diretoria;1813,68;10/02/2026
DOC001913;RECUSADO;Operações;6274,20;20/05/2026
DOC001914;APROVADO;Diretoria;3898,74;25/01/2026
DOC001915;APROVADO;Diretoria;3667,03;15/06/2026
DOC001916;APROVADO;Auditoria;7345,72;03/01/2026
DOC001917;EM ANALISE;Auditoria;4563,93;17/09/2026
DOC001918;APROVADO;Diretoria;113,61;11/05/2026
DOC001919;APROVADO;Auditoria;2455,17;17/07/2026
DOC001920;RECUSADO;Operações;1750,67;17/02/2026
DOC001921;EM ANALISE;Diretoria;4898,30;21/04/2026
DOC001922;APROVADO;Diretoria;6058,24;10/04/2026
DOC001923;PENDENTE;Diretoria;7826,97;04/05/2026
DOC001924;EM ANALISE;Operações;1771,19;04/08/2026
DOC001925;RECUSADO;Auditoria;7328,89;15/08/2026
DOC001926;APROVADO;Operações;7397,11;22/02/2026
DOC001927;RECUSADO;Auditoria;418,64;08/09/2026
DOC001928;EM ANALISE;Auditoria;2836,06;20/08/2026
DOC001929;APROVADO;Auditoria;2492,45;24/06/2026
DOC001930;EM ANALISE;Operações;972,16;04/06/2026
DOC001931;APROVADO;Diretoria;4464,15;05/06/2026
DOC001932;APROVADO;Diretoria;1803,95;09/03/2026
DOC001933;APROVADO;Operações;7061,64;14/03/2026
DOC001934;PENDENTE;Auditoria;1449,41;25/05/2026
DOC001935;EM ANALISE;Diretoria;3068,32;03/03/2026
DOC001936;EM ANALISE;Auditoria;3907,79;03/07/2026
DOC001937;RECUSADO;Diretoria;1620,34;18/03/2026
DOC001938;RECUSADO;Diretoria;4308,79;03/03/2026
DOC001939;RECUSADO;Diretoria;2254,74;08/09/2026
DOC001940;EM ANALISE;Operações;4442,71;09/07/2026
DOC001941;PENDENTE;Auditoria;4630,72;10/07/2026
DOC001942;RECUSADO;Diretoria;1486,50;10/04/2026
DOC001943;PENDENTE;Diretoria;7423,02;15/09/2026
DOC001944;APROVADO;Auditoria;2023,98;25/01/2026
DOC001945;PENDENTE;Operações;553,53;12/03/2026
DOC001946;APROVADO;Operações;7595,93;01/09/2026
DOC001947;APROVADO;Diretoria;2822,90;05/07/2026
DOC001948;PENDENTE;Diretoria;7703,48;10/08/2026
DOC001949;PENDENTE;Diretoria;7225,97;08/01/2026
DOC001950;RECUSADO;Operações;8304,50;14/04/2026
DOC001951;RECUSADO;Auditoria;7844,09;25/06/2026
DOC001952;EM ANALISE;Operações;223,97;24/09/2026
DOC001953;PENDENTE;Operações;7291,20;02/03/2026
DOC001954;RECUSADO;Operações;1598,15;15/06/2026
DOC001955;APROVADO;Auditoria;4702,72;13/02/2026
DOC001956;PENDENTE;Auditoria;6322,46;27/08/2026
DOC001957;APROVADO;Diretoria;3947,14;18/03/2026
DOC001958;PENDENTE;Diretoria;4950,96;23/09/2026
DOC001959;EM ANALISE;Operações;7570,79;13/06/2026
DOC001960;PENDENTE;Operações;2109,53;12/08/2026
DOC001961;RECUSADO;Auditoria;2550,55;13/07/2026
DOC001962;EM ANALISE;Diretoria;2537,66;12/05/2026
DOC001963;APROVADO;Diretoria;3850,56;17/02/2026
DOC001964;EM ANALISE;Auditoria;3744,02;12/05/2026
DOC001965;EM ANALISE;Diretoria;1400,06;16/05/2026
DOC001966;PENDENTE;Auditoria;3120,95;17/02/2026
DOC001967;RECUSADO;Operações;236,01;10/09/2026
DOC001968;EM ANALISE;Operações;878,50;23/02/2026
DOC001969;APROVADO;Operações;1008,18;11/06/2026
DOC001970;PENDENTE;Diretoria;670,79;16/01/2026
DOC001971;RECUSADO;Auditoria;7878,02;05/08/2026
DOC001972;APROVADO;Operações;5002,85;17/06/2026
DOC001973;APROVADO;Diretoria;1158,57;21/09/2026
DOC001974;PENDENTE;Operações;5948,88;13/07/2026
DOC001975;EM ANALISE;Operações;975,69;17/09/2026
DOC001976;EM ANALISE;Diretoria;7687,94;18/07/2026
DOC001977;APROVADO;Diretoria;8399,85;18/05/2026
DOC001978;PENDENTE;Auditoria;546,86;22/05/2026
DOC001979;APROVADO;Auditoria;310,71;06/05/2026
DOC001980;APROVADO;Operações;5745,00;23/03/2026
DOC001981;RECUSADO;Operações;6257,47;14/05/2026
DOC001982;EM ANALISE;Operações;375,91;26/03/2026
DOC001983;PENDENTE;Auditoria;2748,53;22/09/2026
DOC001984;RECUSADO;Diretoria;6477,49;17/03/2026
DOC001985;APROVADO;Auditoria;2675,45;10/07/2026
DOC001986;PENDENTE;Auditoria;4971,35;24/08/2026
DOC001987;APROVADO;Auditoria;209,81;08/08/2026
DOC001988;RECUSADO;Diretoria;4929,94;14/01/2026
DOC001989;PENDENTE;Diretoria;8277,30;18/04/2026
DOC001990;RECUSADO;Auditoria;8126,51;02/07/2026
DOC001991;PENDENTE;Diretoria;6702,31;11/03/2026
DOC001992;PENDENTE;Operações;1704,77;20/03/2026
DOC001993;APROVADO;Auditoria;1802,26;22/09/2026
DOC001994;PENDENTE;Operações;1072,68;01/06/2026
DOC001995;PENDENTE;Diretoria;2789,43;26/03/2026
DOC001996;RECUSADO;Diretoria;4822,96;14/04/2026
DOC001997;APROVADO;Diretoria;492,79;10/09/2026
DOC001998;APROVADO;Auditoria;90,08;25/02/2026
DOC001999;PENDENTE;Auditoria;6312,77;08/08/2026
DOC002000;EM ANALISE;Auditoria;4511,19;27/09/2026
DOC002001;APROVADO;Operações;5946,08;28/05/2026
DOC002002;APROVADO;Auditoria;2454,00;16/02/2026
DOC002003;EM ANALISE;Auditoria;3549,25;04/03/2026
DOC002004;RECUSADO;Diretoria;3584,29;13/08/2026
DOC002005;APROVADO;Auditoria;2232,06;27/09/2026
DOC002006;PENDENTE;Operações;5628,11;20/04/2026
DOC002007;PENDENTE;Diretoria;1889,10;28/08/2026
DOC002008;RECUSADO;Auditoria;5691,46;14/04/2026
DOC002009;PENDENTE;Operações;1192,52;01/05/2026
DOC002010;PENDENTE;Auditoria;5454,14;12/06/2026
DOC002011;EM ANALISE;Auditoria;7873,50;09/07/2026
DOC002012;APROVADO;Operações;1452,53;01/04/2026
DOC002013;APROVADO;Operações;1620,12;11/06/2026
DOC002014;PENDENTE;Operações;761,51;27/06/2026
DOC002015;PENDENTE;Operações;4639,81;19/01/2026
DOC002016;RECUSADO;Auditoria;3570,90;17/02/2026
DOC002017;EM ANALISE;Diretoria;5213,81;04/04/2026
DOC002018;EM ANALISE;Operações;4081,95;02/03/2026
DOC002019;RECUSADO;Operações;4139,34;08/03/2026
DOC002020;PENDENTE;Operações;1764,28;10/03/2026
DOC002021;APROVADO;Diretoria;7386,20;01/03/2026
DOC002022;EM ANALISE;Auditoria;3039,69;21/07/2026
DOC002023;PENDENTE;Diretoria;6840,38;03/05/2026
DOC002024;RECUSADO;Diretoria;1584,53;17/02/2026
DOC002025;RECUSADO;Diretoria;6749,75;20/02/2026
DOC002026;PENDENTE;Auditoria;6207,91;16/05/2026
DOC002027;PENDENTE;Auditoria;5920,02;05/04/2026
DOC002028;RECUSADO;Operações;6251,34;08/08/2026
DOC002029;PENDENTE;Auditoria;8407,13;28/05/2026
DOC002030;APROVADO;Diretoria;2975,37;16/01/2026
DOC002031;APROVADO;Diretoria;2401,43;20/01/2026
DOC002032;PENDENTE;Auditoria;4879,16;24/08/2026
DOC002033;EM ANALISE;Diretoria;1637,31;27/01/2026
DOC002034;APROVADO;Auditoria;1999,08;20/07/2026
DOC002035;EM ANALISE;Operações;5379,62;11/01/2026
DOC002036;EM ANALISE;Auditoria;6844,59;28/06/2026
DOC002037;RECUSADO;Diretoria;2588,55;03/01/2026
DOC002038;PENDENTE;Operações;4839,35;20/03/2026
DOC002039;PENDENTE;Auditoria;1650,23;28/09/2026
DOC002040;EM ANALISE;Auditoria;142,92;24/02/2026
DOC002041;APROVADO;Diretoria;7361,32;07/04/2026
DOC002042;RECUSADO;Operações;6570,33;06/04/2026
DOC002043;RECUSADO;Operações;2078,93;16/05/2026
DOC002044;RECUSADO;Diretoria;731,78;21/09/2026
DOC002045;PENDENTE;Operações;2206,12;25/05/2026
DOC002046;APROVADO;Operações;4516,35;21/07/2026
DOC002047;EM ANALISE;Diretoria;871,59;01/08/2026
DOC002048;EM ANALISE;Operações;6748,40;06/06/2026
DOC002049;EM ANALISE;Operações;987,42;21/07/2026
DOC002050;RECUSADO;Diretoria;4351,45;21/05/2026
DOC002051;PENDENTE;Diretoria;649,84;28/05/2026
DOC002052;PENDENTE;Auditoria;3498,19;05/03/2026
DOC002053;APROVADO;Operações;1908,75;08/05/2026
DOC002054;EM ANALISE;Auditoria;1664,42;09/09/2026
DOC002055;APROVADO;Operações;158,57;24/02/2026
DOC002056;RECUSADO;Auditoria;7448,38;11/02/2026
DOC002057;PENDENTE;Auditoria;7111,87;18/05/2026
DOC002058;PENDENTE;Operações;3326,66;07/02/2026
DOC002059;RECUSADO;Diretoria;3522,40;04/09/2026
DOC002060;PENDENTE;Operações;3859,68;03/08/2026
DOC002061;PENDENTE;Diretoria;66,90;03/03/2026
DOC002062;PENDENTE;Operações;6957,15;11/03/2026
DOC002063;EM ANALISE;Diretoria;4365,19;24/05/2026
DOC002064;RECUSADO;Diretoria;2524,92;24/02/2026
DOC002065;PENDENTE;Auditoria;5715,08;17/06/2026
DOC002066;RECUSADO;Auditoria;8305,64;10/01/2026
DOC002067;EM ANALISE;Operações;6000,13;20/05/2026
DOC002068;PENDENTE;Operações;7034,74;20/03/2026
DOC002069;EM ANALISE;Operações;3096,83;08/04/2026
DOC002070;PENDENTE;Auditoria;56,70;10/04/2026
DOC002071;RECUSADO;Operações;1265,26;05/07/2026
DOC002072;PENDENTE;Diretoria;591,60;01/03/2026
DOC002073;PENDENTE;Diretoria;687,64;11/05/2026
DOC002074;PENDENTE;Operações;3785,07;21/09/2026
DOC002075;RECUSADO;Diretoria;5773,24;26/01/2026
DOC002076;APROVADO;Auditoria;6485,65;04/06/2026
DOC002077;PENDENTE;Operações;254,18;14/03/2026
DOC002078;APROVADO;Auditoria;819,74;26/05/2026
DOC002079;RECUSADO;Auditoria;1850,35;17/03/2026
DOC002080;RECUSADO;Auditoria;1979,68;25/05/2026
DOC002081;EM ANALISE;Operações;2106,92;03/03/2026
DOC002082;APROVADO;Diretoria;6441,09;04/02/2026
DOC002083;APROVADO;Diretoria;5837,21;11/08/2026
DOC002084;PENDENTE;Auditoria;6390,90;15/03/2026
DOC002085;APROVADO;Operações;1495,38;07/08/2026
DOC002086;APROVADO;Diretoria;7653,99;09/06/2026
DOC002087;PENDENTE;Operações;6202,19;18/06/2026
DOC002088;EM ANALISE;Operações;1315,36;04/02/2026
DOC002089;RECUSADO;Auditoria;3563,93;06/07/2026
DOC002090;RECUSADO;Operações;4465,64;28/07/2026
DOC002091;EM ANALISE;Diretoria;7478,69;04/02/2026
DOC002092;APROVADO;Operações;791,07;07/06/2026
DOC002093;RECUSADO;Diretoria;1633,42;26/05/2026
DOC002094;PENDENTE;Operações;4423,89;12/09/2026
DOC002095;EM ANALISE;Diretoria;4745,67;25/01/2026
DOC002096;RECUSADO;Diretoria;7351,50;13/06/2026
DOC002097;EM ANALISE;Auditoria;3678,00;14/07/2026
DOC002098;APROVADO;Diretoria;4031,32;09/02/2026
DOC002099;APROVADO;Operações;395,73;03/09/2026
DOC002100;APROVADO;Auditoria;2205,18;26/01/2026
DOC002101;APROVADO;Diretoria;3428,54;23/02/2026
DOC002102;RECUSADO;Operações;5863,62;02/07/2026
DOC002103;APROVADO;Diretoria;5351,86;23/01/2026
DOC002104;APROVADO;Auditoria;6638,23;06/02/2026
DOC002105;PENDENTE;Operações;3899,28;20/03/2026
DOC002106;PENDENTE;Auditoria;7755,26;18/02/2026
DOC002107;PENDENTE;Diretoria;8002,14;06/01/2026
DOC002108;APROVADO;Auditoria;6226,83;19/02/2026
DOC002109;APROVADO;Auditoria;8170,61;14/06/2026
DOC002110;EM ANALISE;Diretoria;5217,09;23/04/2026
DOC002111;EM ANALISE;Diretoria;5277,90;08/08/2026
DOC002112;RECUSADO;Operações;1841,95;03/05/2026
DOC002113;APROVADO;Diretoria;1429,69;04/08/2026
DOC002114;PENDENTE;Operações;5844,90;25/05/2026
DOC002115;RECUSADO;Diretoria;6624,25;18/03/2026
DOC002116;APROVADO;Operações;7051,19;18/02/2026
DOC002117;EM ANALISE;Auditoria;8123,54;20/08/2026
DOC002118;PENDENTE;Diretoria;3514,54;01/05/2026
DOC002119;RECUSADO;Diretoria;5701,69;11/02/2026
DOC002120;PENDENTE;Diretoria;4014,40;16/06/2026
DOC002121;PENDENTE;Auditoria;4864,63;08/07/2026
DOC002122;EM ANALISE;Auditoria;5879,85;28/03/2026
DOC002123;EM ANALISE;Auditoria;7112,97;12/08/2026
DOC002124;RECUSADO;Diretoria;6345,25;04/05/2026
DOC002125;PENDENTE;Diretoria;469,92;27/03/2026
DOC002126;PENDENTE;Operações;2268,08;14/07/2026
DOC002127;RECUSADO;Auditoria;6117,86;25/06/2026
DOC002128;APROVADO;Diretoria;5285,66;13/04/2026
DOC002129;RECUSADO;Auditoria;233,41;12/02/2026
DOC002130;PENDENTE;Operações;2954,25;21/09/2026
DOC002131;APROVADO;Diretoria;1429,16;13/09/2026
DOC002132;PENDENTE;Operações;6109,62;06/09/2026
DOC002133;APROVADO;Auditoria;5822,76;15/01/2026
DOC002134;APROVADO;Operações;537,78;06/09/2026
DOC002135;PENDENTE;Operações;2132,49;12/09/2026
DOC002136;EM ANALISE;Operações;758,63;12/05/2026
DOC002137;APROVADO;Operações;241,14;01/02/2026
DOC002138;APROVADO;Auditoria;4728,62;09/09/2026
DOC002139;PENDENTE;Auditoria;6379,04;04/07/2026
DOC002140;APROVADO;Diretoria;6175,51;20/07/2026
DOC002141;APROVADO;Diretoria;1343,64;21/09/2026
DOC002142;APROVADO;Auditoria;6441,88;18/09/2026
DOC002143;EM ANALISE;Diretoria;3866,64;14/02/2026
DOC002144;EM ANALISE;Diretoria;142,81;19/05/2026
DOC002145;EM ANALISE;Auditoria;6653,36;05/07/2026
DOC002146;EM ANALISE;Operações;6371,99;18/03/2026
DOC002147;PENDENTE;Diretoria;7805,37;02/05/2026
DOC002148;EM ANALISE;Operações;3485,37;07/08/2026
DOC002149;EM ANALISE;Operações;2625,09;26/09/2026
DOC002150;RECUSADO;Operações;2876,91;22/05/2026
DOC002151;APROVADO;Operações;5399,47;26/04/2026
DOC002152;RECUSADO;Operações;7681,48;06/09/2026
DOC002153;PENDENTE;Diretoria;2351,56;13/04/2026
DOC002154;EM ANALISE;Operações;4174,53;03/04/2026
DOC002155;APROVADO;Auditoria;3446,65;21/02/2026
DOC002156;RECUSADO;Auditoria;4316,58;06/03/2026
DOC002157;RECUSADO;Auditoria;8366,85;02/05/2026
DOC002158;EM ANALISE;Auditoria;953,33;07/09/2026
DOC002159;PENDENTE;Operações;5748,11;04/02/2026
DOC002160;PENDENTE;Auditoria;4578,25;11/04/2026
DOC002161;APROVADO;Auditoria;109,99;20/07/2026
DOC002162;EM ANALISE;Diretoria;7185,37;08/07/2026
DOC002163;RECUSADO;Diretoria;5705,83;06/07/2026
DOC002164;RECUSADO;Diretoria;4194,88;21/08/2026
DOC002165;APROVADO;Auditoria;7379,67;12/08/2026
DOC002166;PENDENTE;Diretoria;5044,48;23/07/2026
DOC002167;EM ANALISE;Diretoria;5253,01;03/04/2026
DOC002168;RECUSADO;Diretoria;727,74;06/03/2026
DOC002169;PENDENTE;Operações;6240,57;01/07/2026
DOC002170;APROVADO;Operações;5741,03;14/07/2026
DOC002171;APROVADO;Operações;5421,80;03/04/2026
DOC002172;RECUSADO;Diretoria;1028,62;25/02/2026
DOC002173;RECUSADO;Operações;4608,41;08/09/2026
DOC002174;EM ANALISE;Diretoria;2916,26;27/02/2026
DOC002175;RECUSADO;Diretoria;8019,15;23/04/2026
DOC002176;EM ANALISE;Operações;5758,96;04/06/2026
DOC002177;APROVADO;Diretoria;3627,45;17/01/2026
DOC002178;EM ANALISE;Auditoria;5842,54;23/09/2026
DOC002179;EM ANALISE;Diretoria;2456,29;01/08/2026
DOC002180;RECUSADO;Operações;4039,47;08/04/2026
DOC002181;EM ANALISE;Auditoria;4578,30;03/07/2026
DOC002182;APROVADO;Operações;6342,15;23/07/2026
DOC002183;RECUSADO;Operações;1156,66;18/01/2026
DOC002184;EM ANALISE;Operações;1691,22;23/04/2026
DOC002185;RECUSADO;Auditoria;1962,85;10/08/2026
DOC002186;RECUSADO;Auditoria;1913,23;05/02/2026
DOC002187;EM ANALISE;Diretoria;4836,55;24/09/2026
DOC002188;APROVADO;Auditoria;7387,34;23/04/2026
DOC002189;APROVADO;Operações;1426,47;04/07/2026
DOC002190;RECUSADO;Operações;6349,74;22/06/2026
DOC002191;RECUSADO;Operações;5607,55;06/02/2026
DOC002192;APROVADO;Diretoria;4579,83;05/08/2026
DOC002193;RECUSADO;Auditoria;2132,29;13/03/2026
DOC002194;RECUSADO;Auditoria;1707,98;17/05/2026
DOC002195;EM ANALISE;Operações;8316,80;02/02/2026
DOC002196;RECUSADO;Auditoria;1996,33;20/09/2026
DOC002197;EM ANALISE;Diretoria;2011,68;05/06/2026
DOC002198;APROVADO;Auditoria;7415,68;19/01/2026
DOC002199;EM ANALISE;Diretoria;1274,97;05/03/2026
DOC002200;EM ANALISE;Operações;4506,47;07/07/2026
DOC002201;RECUSADO;Auditoria;4407,44;17/07/2026
DOC002202;APROVADO;Operações;3606,01;26/08/2026
DOC002203;RECUSADO;Operações;6887,09;02/07/2026
DOC002204;EM ANALISE;Operações;7232,85;28/04/2026
DOC002205;PENDENTE;Diretoria;2739,34;13/04/2026
DOC002206;PENDENTE;Operações;2959,78;24/01/2026
DOC002207;APROVADO;Operações;5221,56;15/04/2026
DOC002208;APROVADO;Diretoria;5185,25;16/08/2026
DOC002209;PENDENTE;Auditoria;4826,30;19/04/2026
DOC002210;APROVADO;Auditoria;3576,45;12/01/2026
DOC002211;APROVADO;Diretoria;194,03;07/05/2026
DOC002212;RECUSADO;Auditoria;6682,87;02/06/2026
DOC002213;RECUSADO;Operações;5254,42;17/05/2026
DOC002214;APROVADO;Operações;8218,43;25/04/2026
DOC002215;RECUSADO;Auditoria;4225,75;03/06/2026
DOC002216;EM ANALISE;Auditoria;6239,04;26/08/2026
DOC002217;EM ANALISE;Auditoria;4675,67;20/09/2026
DOC002218;PENDENTE;Auditoria;4861,23;08/02/2026
DOC002219;PENDENTE;Auditoria;316,26;05/03/2026
DOC002220;PENDENTE;Diretoria;2224,53;05/04/2026
DOC002221;EM ANALISE;Auditoria;2762,55;11/08/2026
DOC002222;APROVADO;Operações;7801,97;10/08/2026
DOC002223;APROVADO;Operações;3655,15;10/02/2026
DOC002224;RECUSADO;Diretoria;1326,19;27/01/2026
DOC002225;EM ANALISE;Diretoria;5113,03;05/01/2026
DOC002226;APROVADO;Diretoria;5024,69;26/05/2026
DOC002227;EM ANALISE;Diretoria;6326,49;19/09/2026
DOC002228;APROVADO;Auditoria;3367,54;23/04/2026
DOC002229;EM ANALISE;Auditoria;1303,38;10/09/2026
DOC002230;EM ANALISE;Diretoria;6812,06;16/03/2026
DOC002231;EM ANALISE;Diretoria;3966,84;25/08/2026
DOC002232;APROVADO;Operações;1176,52;05/05/2026
DOC002233;EM ANALISE;Diretoria;67,02;23/07/2026
DOC002234;EM ANALISE;Diretoria;3133,97;24/04/2026
DOC002235;RECUSADO;Auditoria;2588,74;10/02/2026
DOC002236;PENDENTE;Diretoria;437,25;06/04/2026
DOC002237;APROVADO;Diretoria;5493,87;14/07/2026
DOC002238;RECUSADO;Operações;6224,32;10/05/2026
DOC002239;APROVADO;Operações;7301,26;09/08/2026
DOC002240;PENDENTE;Operações;4974,20;24/06/2026
DOC002241;EM ANALISE;Diretoria;3721,33;24/07/2026
DOC002242;APROVADO;Auditoria;6750,51;01/05/2026
DOC002243;APROVADO;Auditoria;7785,53;08/06/2026
DOC002244;PENDENTE;Diretoria;592,71;18/08/2026
DOC002245;PENDENTE;Operações;383,82;08/05/2026
DOC002246;EM ANALISE;Operações;2660,91;04/04/2026
DOC002247;APROVADO;Diretoria;6841,20;19/07/2026
DOC002248;EM ANALISE;Diretoria;3080,78;06/05/2026
DOC002249;APROVADO;Diretoria;8403,84;14/06/2026
DOC002250;PENDENTE;Diretoria;8337,78;05/09/2026
DOC002251;PENDENTE;Diretoria;8338,66;03/05/2026
DOC002252;APROVADO;Diretoria;832,57;05/05/2026
DOC002253;APROVADO;Diretoria;7510,17;09/04/2026
DOC002254;APROVADO;Diretoria;5955,63;24/08/2026
DOC002255;EM ANALISE;Operações;2944,78;11/05/2026
DOC002256;APROVADO;Diretoria;4756,41;14/05/2026
DOC002257;RECUSADO;Auditoria;6656,02;27/01/2026
DOC002258;APROVADO;Operações;6367,38;11/05/2026
DOC002259;RECUSADO;Auditoria;7545,55;17/01/2026
DOC002260;APROVADO;Auditoria;5233,86;17/05/2026
DOC002261;RECUSADO;Diretoria;5522,96;03/09/2026
DOC002262;RECUSADO;Auditoria;134,88;16/04/2026
DOC002263;PENDENTE;Operações;7051,83;23/09/2026
DOC002264;EM ANALISE;Diretoria;5059,95;03/04/2026
DOC002265;EM ANALISE;Auditoria;6566,77;28/01/2026
DOC002266;EM ANALISE;Diretoria;2674,44;06/05/2026
DOC002267;PENDENTE;Operações;7463,67;16/04/2026
DOC002268;EM ANALISE;Operações;540,09;21/03/2026
DOC002269;PENDENTE;Diretoria;6544,64;28/04/2026
DOC002270;PENDENTE;Diretoria;4550,69;13/05/2026
DOC002271;RECUSADO;Operações;5193,75;10/03/2026
DOC002272;PENDENTE;Diretoria;4861,91;22/08/2026
DOC002273;PENDENTE;Diretoria;1515,64;21/02/2026
DOC002274;APROVADO;Operações;8341,28;26/08/2026
DOC002275;EM ANALISE;Operações;8259,54;24/04/2026
DOC002276;EM ANALISE;Operações;470,89;03/06/2026
DOC002277;RECUSADO;Auditoria;3679,48;01/01/2026
DOC002278;EM ANALISE;Operações;951,09;10/03/2026
DOC002279;RECUSADO;Operações;8046,80;15/04/2026
DOC002280;PENDENTE;Operações;6677,28;18/03/2026
DOC002281;RECUSADO;Auditoria;422,07;05/08/2026
DOC002282;APROVADO;Auditoria;2103,78;27/02/2026
DOC002283;RECUSADO;Auditoria;1095,39;13/08/2026
DOC002284;APROVADO;Auditoria;1116,95;11/05/2026
DOC002285;RECUSADO;Operações;5122,57;18/01/2026
DOC002286;RECUSADO;Auditoria;6211,11;18/06/2026
DOC002287;PENDENTE;Operações;2579,75;11/09/2026
DOC002288;APROVADO;Operações;2215,33;16/06/2026
DOC002289;PENDENTE;Auditoria;3068,18;18/09/2026
DOC002290;EM ANALISE;Auditoria;5173,23;08/07/2026
DOC002291;PENDENTE;Operações;5194,12;11/09/2026
DOC002292;PENDENTE;Diretoria;4701,98;13/08/2026
DOC002293;PENDENTE;Auditoria;2225,56;19/05/2026
DOC002294;EM ANALISE;Auditoria;2768,19;04/02/2026
DOC002295;PENDENTE;Auditoria;2294,15;11/05/2026
DOC002296;PENDENTE;Operações;6676,25;14/09/2026
DOC002297;RECUSADO;Auditoria;7700,38;14/07/2026
DOC002298;EM ANALISE;Diretoria;5564,18;05/02/2026
DOC002299;RECUSADO;Operações;522,86;08/07/2026
DOC002300;EM ANALISE;Auditoria;2081,49;25/06/2026
DOC002301;EM ANALISE;Auditoria;1424,09;27/09/2026
DOC002302;PENDENTE;Operações;5629,21;26/06/2026
DOC002303;RECUSADO;Diretoria;2712,17;20/02/2026
DOC002304;RECUSADO;Diretoria;5877,84;25/01/2026
DOC002305;RECUSADO;Operações;583,88;05/02/2026
DOC002306;RECUSADO;Diretoria;5449,01;12/07/2026
DOC002307;EM ANALISE;Diretoria;1386,42;18/05/2026
DOC002308;EM ANALISE;Diretoria;6069,11;22/02/2026
DOC002309;RECUSADO;Diretoria;3033,21;12/08/2026
DOC002310;PENDENTE;Operações;1699,35;28/03/2026
DOC002311;APROVADO;Operações;2342,74;15/06/2026
DOC002312;RECUSADO;Operações;4488,83;05/08/2026
DOC002313;RECUSADO;Auditoria;3371,10;02/07/2026
DOC002314;EM ANALISE;Diretoria;1781,75;27/08/2026
DOC002315;EM ANALISE;Auditoria;7529,82;05/05/2026
DOC002316;RECUSADO;Operações;4937,69;14/07/2026
DOC002317;PENDENTE;Auditoria;7593,93;10/04/2026
DOC002318;PENDENTE;Auditoria;6915,43;07/07/2026
DOC002319;APROVADO;Auditoria;5523,74;04/05/2026
DOC002320;RECUSADO;Operações;2283,22;23/03/2026
DOC002321;APROVADO;Operações;3215,06;09/06/2026
DOC002322;RECUSADO;Operações;5047,93;21/03/2026
DOC002323;RECUSADO;Operações;7630,47;02/01/2026
DOC002324;RECUSADO;Operações;443,54;21/02/2026
DOC002325;PENDENTE;Operações;5528,63;19/08/2026
DOC002326;EM ANALISE;Operações;2121,40;09/02/2026
DOC002327;EM ANALISE;Auditoria;7984,80;27/07/2026
DOC002328;PENDENTE;Operações;2405,10;09/06/2026
DOC002329;APROVADO;Auditoria;6497,48;27/03/2026
DOC002330;RECUSADO;Diretoria;7798,23;24/03/2026
DOC002331;APROVADO;Auditoria;2776,06;28/01/2026
DOC002332;EM ANALISE;Diretoria;48,78;27/07/2026
DOC002333;RECUSADO;Auditoria;603,00;19/06/2026
DOC002334;PENDENTE;Operações;7572,32;04/02/2026
DOC002335;EM ANALISE;Operações;4642,07;14/07/2026
DOC002336;APROVADO;Auditoria;8068,07;11/01/2026
DOC002337;EM ANALISE;Auditoria;216,94;28/06/2026
DOC002338;APROVADO;Diretoria;3507,38;09/05/2026
DOC002339;RECUSADO;Diretoria;2048,47;18/09/2026
DOC002340;APROVADO;Diretoria;881,11;04/07/2026
DOC002341;EM ANALISE;Operações;390,43;20/09/2026
DOC002342;EM ANALISE;Operações;438,14;08/02/2026
DOC002343;PENDENTE;Diretoria;4101,26;02/03/2026
DOC002344;EM ANALISE;Operações;6113,49;22/07/2026
DOC002345;EM ANALISE;Operações;7415,03;20/07/2026
DOC002346;RECUSADO;Operações;7193,45;09/09/2026
DOC002347;PENDENTE;Auditoria;5983,57;28/02/2026
DOC002348;APROVADO;Auditoria;2614,02;15/02/2026
DOC002349;APROVADO;Auditoria;1822,66;09/06/2026
DOC002350;PENDENTE;Auditoria;3937,36;28/01/2026
DOC002351;APROVADO;Operações;1358,75;22/05/2026
DOC002352;APROVADO;Operações;393,96;12/08/2026
DOC002353;EM ANALISE;Auditoria;3039,16;17/04/2026
DOC002354;RECUSADO;Auditoria;6917,13;26/06/2026
DOC002355;RECUSADO;Diretoria;7321,96;27/04/2026
DOC002356;EM ANALISE;Diretoria;3843,61;03/09/2026
DOC002357;EM ANALISE;Diretoria;156,68;19/03/2026
DOC002358;PENDENTE;Diretoria;1112,20;20/03/2026
DOC002359;APROVADO;Operações;5053,60;25/05/2026
DOC002360;APROVADO;Auditoria;5862,40;20/02/2026
DOC002361;RECUSADO;Diretoria;5463,51;23/05/2026
DOC002362;APROVADO;Diretoria;133,60;05/05/2026
DOC002363;APROVADO;Auditoria;1345,29;24/08/2026
DOC002364;RECUSADO;Auditoria;883,40;08/07/2026
DOC002365;EM ANALISE;Operações;2761,34;02/09/2026
DOC002366;RECUSADO;Operações;1000,84;21/06/2026
DOC002367;RECUSADO;Diretoria;5468,69;01/03/2026
DOC002368;EM ANALISE;Auditoria;8314,20;12/01/2026
DOC002369;RECUSADO;Diretoria;7317,17;11/04/2026
DOC002370;EM ANALISE;Auditoria;8397,24;27/02/2026
DOC002371;PENDENTE;Operações;6439,29;03/08/2026
DOC002372;PENDENTE;Auditoria;4031,02;02/02/2026
DOC002373;APROVADO;Operações;3469,55;22/09/2026
DOC002374;RECUSADO;Diretoria;7308,02;14/05/2026
DOC002375;RECUSADO;Operações;4571,34;05/06/2026
DOC002376;EM ANALISE;Auditoria;1450,34;04/07/2026
DOC002377;EM ANALISE;Auditoria;4497,64;12/01/2026
DOC002378;APROVADO;Operações;245,43;25/01/2026
DOC002379;PENDENTE;Operações;7688,58;13/01/2026
DOC002380;APROVADO;Auditoria;350,51;22/05/2026
DOC002381;RECUSADO;Auditoria;447,56;05/04/2026
DOC002382;RECUSADO;Auditoria;1994,86;04/05/2026
DOC002383;RECUSADO;Operações;2599,52;18/04/2026
DOC002384;PENDENTE;Operações;5388,32;16/08/2026
DOC002385;RECUSADO;Operações;2671,16;06/02/2026
DOC002386;PENDENTE;Operações;489,92;02/05/2026
DOC002387;RECUSADO;Auditoria;4787,98;01/06/2026
DOC002388;EM ANALISE;Auditoria;1776,51;27/08/2026
DOC002389;PENDENTE;Auditoria;5846,96;24/01/2026
DOC002390;PENDENTE;Operações;7017,81;18/04/2026
DOC002391;EM ANALISE;Diretoria;3712,77;05/09/2026
DOC002392;EM ANALISE;Operações;5779,59;04/08/2026
DOC002393;APROVADO;Auditoria;5302,28;20/02/2026
DOC002394;RECUSADO;Operações;1799,90;06/01/2026
DOC002395;RECUSADO;Auditoria;1243,68;08/08/2026
DOC002396;RECUSADO;Operações;3069,10;09/06/2026
DOC002397;EM ANALISE;Operações;449,95;01/01/2026
DOC002398;APROVADO;Auditoria;1709,38;04/08/2026
DOC002399;APROVADO;Auditoria;3846,08;23/08/2026
DOC002400;PENDENTE;Diretoria;969,83;27/01/2026
DOC002401;EM ANALISE;Auditoria;366,31;09/09/2026
DOC002402;APROVADO;Auditoria;1051,97;01/08/2026
DOC002403;EM ANALISE;Diretoria;7022,34;12/09/2026
DOC002404;RECUSADO;Diretoria;7148,39;22/05/2026
DOC002405;PENDENTE;Diretoria;6886,16;27/03/2026
DOC002406;EM ANALISE;Auditoria;1307,70;24/06/2026
DOC002407;RECUSADO;Auditoria;1264,56;12/02/2026
DOC002408;RECUSADO;Diretoria;3722,93;26/02/2026
DOC002409;EM ANALISE;Operações;925,02;28/04/2026
DOC002410;RECUSADO;Diretoria;1905,26;15/05/2026
DOC002411;APROVADO;Auditoria;5660,81;27/08/2026
DOC002412;PENDENTE;Operações;4495,77;16/05/2026
DOC002413;PENDENTE;Operações;863,74;10/08/2026
DOC002414;APROVADO;Operações;7698,97;28/03/2026
DOC002415;RECUSADO;Auditoria;4507,38;09/08/2026
DOC002416;PENDENTE;Auditoria;6185,69;04/05/2026
DOC002417;EM ANALISE;Diretoria;1650,37;01/01/2026
DOC002418;APROVADO;Operações;4056,34;24/05/2026
DOC002419;APROVADO;Operações;3241,68;01/09/2026
DOC002420;PENDENTE;Auditoria;2357,27;27/01/2026
DOC002421;APROVADO;Operações;7915,58;14/08/2026
DOC002422;APROVADO;Operações;3297,80;04/06/2026
DOC002423;APROVADO;Diretoria;4372,59;19/04/2026
DOC002424;APROVADO;Diretoria;7245,43;25/07/2026
DOC002425;EM ANALISE;Operações;5455,56;28/07/2026
DOC002426;EM ANALISE;Auditoria;8418,41;08/06/2026
DOC002427;PENDENTE;Diretoria;8000,54;15/01/2026
DOC002428;RECUSADO;Auditoria;7167,76;08/06/2026
DOC002429;EM ANALISE;Auditoria;3231,08;08/08/2026
DOC002430;RECUSADO;Operações;1603,60;11/07/2026
DOC002431;EM ANALISE;Auditoria;254,17;01/05/2026
DOC002432;RECUSADO;Diretoria;1126,98;26/07/2026
DOC002433;APROVADO;Auditoria;6033,98;04/04/2026
DOC002434;EM ANALISE;Operações;4471,86;07/02/2026
DOC002435;EM ANALISE;Auditoria;1076,69;14/01/2026
DOC002436;RECUSADO;Operações;4874,68;14/03/2026
DOC002437;RECUSADO;Diretoria;4103,80;15/09/2026
DOC002438;PENDENTE;Diretoria;8023,01;09/01/2026
DOC002439;APROVADO;Auditoria;5795,70;06/01/2026
DOC002440;EM ANALISE;Operações;7839,08;14/05/2026
DOC002441;APROVADO;Auditoria;7222,31;04/01/2026
DOC002442;EM ANALISE;Operações;198,44;13/05/2026
DOC002443;RECUSADO;Diretoria;5625,65;04/09/2026
DOC002444;RECUSADO;Auditoria;1572,14;10/03/2026
DOC002445;RECUSADO;Diretoria;5999,17;07/07/2026
DOC002446;PENDENTE;Operações;3711,00;08/05/2026
DOC002447;APROVADO;Auditoria;5651,44;06/08/2026
DOC002448;PENDENTE;Diretoria;2374,75;22/03/2026
DOC002449;APROVADO;Auditoria;8013,04;10/03/2026
DOC002450;RECUSADO;Diretoria;4473,69;28/04/2026
DOC002451;APROVADO;Diretoria;6547,40;26/01/2026
DOC002452;EM ANALISE;Auditoria;822,22;08/01/2026
DOC002453;PENDENTE;Auditoria;2626,24;26/02/2026
DOC002454;APROVADO;Auditoria;2707,61;10/03/2026
DOC002455;EM ANALISE;Operações;8332,40;02/03/2026
DOC002456;PENDENTE;Diretoria;7457,08;08/06/2026
DOC002457;EM ANALISE;Auditoria;4006,17;17/05/2026
DOC002458;APROVADO;Operações;6323,45;08/04/2026
DOC002459;APROVADO;Diretoria;6919,05;09/06/2026
DOC002460;RECUSADO;Diretoria;1605,37;17/09/2026
DOC002461;APROVADO;Diretoria;77,55;06/09/2026
DOC002462;RECUSADO;Diretoria;6895,12;17/09/2026
DOC002463;PENDENTE;Operações;1333,21;03/08/2026
DOC002464;PENDENTE;Diretoria;5582,99;17/01/2026
DOC002465;APROVADO;Operações;6194,14;06/02/2026
DOC002466;PENDENTE;Diretoria;471,62;27/05/2026
DOC002467;APROVADO;Auditoria;6011,12;28/09/2026
DOC002468;EM ANALISE;Auditoria;153,87;21/09/2026
DOC002469;PENDENTE;Diretoria;7963,35;10/01/2026
DOC002470;APROVADO;Operações;2989,73;17/09/2026
DOC002471;PENDENTE;Operações;2035,37;17/02/2026
DOC002472;RECUSADO;Operações;6800,75;20/04/2026
DOC002473;RECUSADO;Auditoria;3739,14;26/07/2026
DOC002474;RECUSADO;Diretoria;6576,29;15/05/2026
DOC002475;PENDENTE;Diretoria;2692,00;09/06/2026
DOC002476;APROVADO;Diretoria;5297,45;23/01/2026
DOC002477;APROVADO;Diretoria;3617,57;10/02/2026
DOC002478;APROVADO;Auditoria;8173,08;14/03/2026
DOC002479;APROVADO;Diretoria;2732,30;03/01/2026
DOC002480;PENDENTE;Diretoria;289,34;09/01/2026
DOC002481;EM ANALISE;Diretoria;1758,52;03/06/2026
DOC002482;RECUSADO;Auditoria;2300,00;11/03/2026
DOC002483;RECUSADO;Auditoria;3032,31;22/01/2026
DOC002484;EM ANALISE;Auditoria;4485,24;03/07/2026
DOC002485;EM ANALISE;Operações;6200,11;14/02/2026
DOC002486;EM ANALISE;Diretoria;3643,18;08/07/2026
DOC002487;APROVADO;Auditoria;3516,04;19/01/2026
DOC002488;PENDENTE;Auditoria;1177,29;04/04/2026
DOC002489;APROVADO;Auditoria;4709,60;05/07/2026
DOC002490;EM ANALISE;Operações;5089,27;25/03/2026
DOC002491;RECUSADO;Diretoria;4169,96;04/07/2026
DOC002492;PENDENTE;Operações;3864,86;01/04/2026
DOC002493;EM ANALISE;Diretoria;1010,16;01/03/2026
DOC002494;PENDENTE;Diretoria;524,73;12/06/2026
DOC002495;EM ANALISE;Diretoria;5644,99;06/07/2026
DOC002496;RECUSADO;Operações;4613,50;08/06/2026
DOC002497;RECUSADO;Auditoria;7522,20;17/09/2026
DOC002498;RECUSADO;Auditoria;4338,22;21/06/2026
DOC002499;APROVADO;Operações;4997,66;07/01/2026
DOC002500;PENDENTE;Operações;375,98;02/05/2026
DOC002501;EM ANALISE;Diretoria;7879,89;10/05/2026
DOC002502;RECUSADO;Operações;2652,83;08/06/2026
DOC002503;RECUSADO;Operações;1514,67;14/01/2026
DOC002504;EM ANALISE;Operações;7777,10;15/09/2026
DOC002505;EM ANALISE;Operações;2968,59;18/04/2026
DOC002506;RECUSADO;Operações;6270,13;21/08/2026
DOC002507;EM ANALISE;Operações;3120,86;09/05/2026
DOC002508;PENDENTE;Diretoria;278,73;21/01/2026
DOC002509;EM ANALISE;Operações;4346,84;24/02/2026
DOC002510;PENDENTE;Auditoria;3479,31;21/08/2026
DOC002511;EM ANALISE;Diretoria;8229,63;09/04/2026
DOC002512;EM ANALISE;Operações;4899,40;03/09/2026
DOC002513;EM ANALISE;Diretoria;462,29;12/09/2026
DOC002514;RECUSADO;Operações;4769,19;14/08/2026
DOC002515;APROVADO;Diretoria;1084,77;12/04/2026
DOC002516;APROVADO;Diretoria;6358,31;12/06/2026
DOC002517;RECUSADO;Auditoria;964,81;25/04/2026
DOC002518;EM ANALISE;Auditoria;4610,01;05/05/2026
DOC002519;EM ANALISE;Diretoria;1959,75;06/03/2026
DOC002520;APROVADO;Operações;2856,58;04/05/2026
DOC002521;APROVADO;Auditoria;946,50;23/07/2026
DOC002522;APROVADO;Operações;2336,20;24/03/2026
DOC002523;APROVADO;Operações;7824,90;10/01/2026
DOC002524;PENDENTE;Auditoria;6687,59;19/07/2026
DOC002525;RECUSADO;Operações;4465,59;16/01/2026
DOC002526;RECUSADO;Operações;339,64;20/07/2026
DOC002527;EM ANALISE;Auditoria;6126,49;25/06/2026
DOC002528;RECUSADO;Auditoria;1311,59;08/09/2026
DOC002529;APROVADO;Diretoria;1019,92;11/09/2026
DOC002530;APROVADO;Operações;2191,30;05/03/2026
DOC002531;PENDENTE;Diretoria;2261,95;14/04/2026
DOC002532;EM ANALISE;Diretoria;1450,74;27/03/2026
DOC002533;PENDENTE;Auditoria;1136,75;19/05/2026
DOC002534;RECUSADO;Operações;515,23;12/03/2026
DOC002535;APROVADO;Diretoria;3646,42;11/07/2026
DOC002536;APROVADO;Diretoria;6584,50;18/09/2026
DOC002537;EM ANALISE;Diretoria;2607,65;26/04/2026
DOC002538;APROVADO;Diretoria;2097,13;18/02/2026
DOC002539;EM ANALISE;Auditoria;3531,43;13/02/2026
DOC002540;EM ANALISE;Diretoria;2490,64;12/02/2026
DOC002541;PENDENTE;Diretoria;4291,54;25/02/2026
DOC002542;PENDENTE;Operações;1294,89;01/04/2026
DOC002543;RECUSADO;Diretoria;1345,35;17/05/2026
DOC002544;APROVADO;Operações;8008,88;14/01/2026
DOC002545;EM ANALISE;Diretoria;3999,74;25/07/2026
DOC002546;EM ANALISE;Auditoria;665,46;15/06/2026
DOC002547;EM ANALISE;Operações;6841,39;17/03/2026
DOC002548;PENDENTE;Diretoria;830,32;28/04/2026
DOC002549;RECUSADO;Operações;8127,24;03/03/2026
DOC002550;PENDENTE;Auditoria;876,53;10/03/2026
DOC002551;EM ANALISE;Auditoria;7083,72;08/02/2026
DOC002552;APROVADO;Diretoria;8271,45;24/04/2026
DOC002553;EM ANALISE;Operações;4056,99;23/06/2026
DOC002554;EM ANALISE;Diretoria;4699,52;13/06/2026
DOC002555;PENDENTE;Diretoria;4080,77;24/09/2026
DOC002556;RECUSADO;Auditoria;8316,83;26/05/2026
DOC002557;PENDENTE;Auditoria;1298,65;25/09/2026
DOC002558;RECUSADO;Diretoria;4157,06;23/09/2026
DOC002559;RECUSADO;Operações;7008,88;07/01/2026
DOC002560;EM ANALISE;Auditoria;6473,60;22/03/2026
DOC002561;PENDENTE;Auditoria;5352,01;27/04/2026
DOC002562;EM ANALISE;Operações;5806,92;03/07/2026
DOC002563;PENDENTE;Operações;1442,84;08/06/2026
DOC002564;PENDENTE;Auditoria;6296,08;04/02/2026
DOC002565;PENDENTE;Diretoria;5568,85;23/05/2026
DOC002566;RECUSADO;Diretoria;3512,98;10/05/2026
DOC002567;APROVADO;Diretoria;7471,36;19/06/2026
DOC002568;EM ANALISE;Diretoria;2695,28;06/05/2026
DOC002569;APROVADO;Auditoria;4559,25;24/07/2026
DOC002570;EM ANALISE;Operações;7415,65;11/05/2026
DOC002571;EM ANALISE;Diretoria;8305,58;23/09/2026
DOC002572;PENDENTE;Operações;5136,21;14/06/2026
DOC002573;RECUSADO;Operações;6671,14;12/05/2026
DOC002574;APROVADO;Operações;6664,92;26/08/2026
DOC002575;RECUSADO;Operações;3101,52;12/03/2026
DOC002576;EM ANALISE;Operações;5969,21;22/09/2026
DOC002577;RECUSADO;Auditoria;5747,28;08/08/2026
DOC002578;EM ANALISE;Auditoria;1494,58;06/07/2026
DOC002579;RECUSADO;Diretoria;6765,12;11/07/2026
DOC002580;EM ANALISE;Diretoria;2391,53;01/09/2026
DOC002581;RECUSADO;Auditoria;5248,48;13/01/2026
DOC002582;PENDENTE;Diretoria;7774,87;02/06/2026
DOC002583;RECUSADO;Operações;871,79;13/03/2026
DOC002584;RECUSADO;Auditoria;2284,48;27/07/2026
DOC002585;RECUSADO;Operações;3678,42;06/05/2026
DOC002586;APROVADO;Operações;657,63;24/03/2026
DOC002587;PENDENTE;Operações;6202,81;23/02/2026
DOC002588;EM ANALISE;Diretoria;2725,82;13/04/2026
DOC002589;RECUSADO;Diretoria;1751,68;16/09/2026
DOC002590;PENDENTE;Diretoria;2620,02;23/02/2026
DOC002591;APROVADO;Auditoria;7362,62;22/02/2026
DOC002592;RECUSADO;Operações;201,78;16/05/2026
DOC002593;RECUSADO;Auditoria;5919,90;22/07/2026
DOC002594;APROVADO;Auditoria;4036,29;07/07/2026
DOC002595;RECUSADO;Auditoria;840,77;26/08/2026
DOC002596;APROVADO;Operações;5826,46;26/06/2026
DOC002597;APROVADO;Diretoria;8122,54;16/04/2026
DOC002598;APROVADO;Diretoria;7101,66;03/09/2026
DOC002599;PENDENTE;Diretoria;6677,55;17/07/2026
DOC002600;PENDENTE;Diretoria;6331,73;17/01/2026
DOC002601;APROVADO;Diretoria;3407,27;06/05/2026
DOC002602;RECUSADO;Diretoria;356,02;04/05/2026
DOC002603;PENDENTE;Diretoria;5042,20;14/03/2026
DOC002604;RECUSADO;Diretoria;5252,53;22/03/2026
DOC002605;RECUSADO;Operações;3027,05;13/05/2026
DOC002606;PENDENTE;Auditoria;7965,08;25/08/2026
DOC002607;APROVADO;Auditoria;2203,22;13/09/2026
DOC002608;PENDENTE;Diretoria;1842,23;17/01/2026
DOC002609;PENDENTE;Auditoria;1304,72;07/06/2026
DOC002610;EM ANALISE;Diretoria;3770,83;01/05/2026
DOC002611;RECUSADO;Auditoria;7033,47;04/04/2026
DOC002612;EM ANALISE;Auditoria;3767,74;14/07/2026
DOC002613;PENDENTE;Operações;4014,98;07/08/2026
DOC002614;APROVADO;Auditoria;4244,46;17/04/2026
DOC002615;EM ANALISE;Operações;3305,77;25/06/2026
DOC002616;EM ANALISE;Operações;4890,29;15/03/2026
DOC002617;EM ANALISE;Operações;4155,40;21/04/2026
DOC002618;EM ANALISE;Auditoria;7826,13;16/07/2026
DOC002619;RECUSADO;Auditoria;4254,33;22/04/2026
DOC002620;PENDENTE;Auditoria;363,97;09/01/2026
DOC002621;RECUSADO;Auditoria;5841,57;03/07/2026
DOC002622;PENDENTE;Operações;1411,52;17/09/2026
DOC002623;EM ANALISE;Diretoria;6188,94;24/01/2026
DOC002624;RECUSADO;Auditoria;2770,43;26/02/2026
DOC002625;RECUSADO;Diretoria;5666,26;03/02/2026
DOC002626;PENDENTE;Diretoria;7570,24;03/07/2026
DOC002627;EM ANALISE;Auditoria;2636,83;02/01/2026
DOC002628;APROVADO;Operações;6850,80;18/01/2026
DOC002629;APROVADO;Operações;4425,23;01/04/2026
DOC002630;EM ANALISE;Auditoria;3649,49;22/04/2026
DOC002631;RECUSADO;Operações;1845,66;10/05/2026
DOC002632;EM ANALISE;Operações;2557,22;09/06/2026
DOC002633;APROVADO;Auditoria;3830,02;19/09/2026
DOC002634;EM ANALISE;Auditoria;5763,90;25/05/2026
DOC002635;EM ANALISE;Diretoria;4472,85;08/04/2026
DOC002636;RECUSADO;Operações;694,93;27/07/2026
DOC002637;APROVADO;Diretoria;6099,46;13/02/2026
DOC002638;EM ANALISE;Auditoria;4418,82;07/04/2026
DOC002639;PENDENTE;Operações;5953,95;24/09/2026
DOC002640;PENDENTE;Auditoria;3144,52;11/06/2026
DOC002641;RECUSADO;Diretoria;270,81;11/08/2026
DOC002642;PENDENTE;Auditoria;8145,00;02/07/2026
DOC002643;APROVADO;Operações;6222,95;09/03/2026
DOC002644;PENDENTE;Auditoria;5327,75;28/06/2026
DOC002645;EM ANALISE;Diretoria;7975,76;14/01/2026
DOC002646;PENDENTE;Operações;2699,67;15/06/2026
DOC002647;PENDENTE;Operações;6816,28;07/05/2026
DOC002648;PENDENTE;Auditoria;3868,63;18/05/2026
DOC002649;PENDENTE;Operações;5926,40;01/04/2026
DOC002650;APROVADO;Diretoria;8276,93;04/02/2026
DOC002651;APROVADO;Auditoria;1712,38;14/07/2026
DOC002652;RECUSADO;Auditoria;3415,94;06/09/2026
DOC002653;RECUSADO;Auditoria;6191,05;24/03/2026
DOC002654;APROVADO;Auditoria;1746,02;07/06/2026
DOC002655;RECUSADO;Auditoria;7424,55;05/07/2026
DOC002656;APROVADO;Operações;6959,91;19/01/2026
DOC002657;RECUSADO;Diretoria;4994,25;01/01/2026
DOC002658;EM ANALISE;Diretoria;1356,34;04/06/2026
DOC002659;APROVADO;Auditoria;2131,62;28/03/2026
DOC002660;EM ANALISE;Auditoria;2409,05;27/03/2026
DOC002661;EM ANALISE;Diretoria;7348,23;03/05/2026
DOC002662;EM ANALISE;Operações;5781,54;03/06/2026
DOC002663;PENDENTE;Operações;931,68;13/03/2026
DOC002664;RECUSADO;Operações;5891,59;18/01/2026
DOC002665;APROVADO;Operações;2271,28;19/05/2026
DOC002666;PENDENTE;Auditoria;3676,50;06/05/2026
DOC002667;RECUSADO;Auditoria;3775,94;03/06/2026
DOC002668;APROVADO;Auditoria;5548,47;19/02/2026
DOC002669;APROVADO;Diretoria;7944,57;17/04/2026
DOC002670;APROVADO;Operações;1668,68;22/02/2026
DOC002671;EM ANALISE;Operações;5715,95;20/08/2026
DOC002672;RECUSADO;Auditoria;4528,31;28/01/2026
DOC002673;APROVADO;Auditoria;3770,05;12/07/2026
DOC002674;PENDENTE;Diretoria;684,00;14/08/2026
DOC002675;PENDENTE;Auditoria;4174,10;05/03/2026
DOC002676;APROVADO;Diretoria;342,39;02/03/2026
DOC002677;EM ANALISE;Operações;778,39;21/01/2026
DOC002678;RECUSADO;Auditoria;7691,46;26/08/2026
DOC002679;PENDENTE;Diretoria;5545,23;24/09/2026
DOC002680;PENDENTE;Diretoria;2821,84;19/05/2026
DOC002681;EM ANALISE;Auditoria;678,37;04/02/2026
DOC002682;PENDENTE;Auditoria;5940,04;25/01/2026
DOC002683;RECUSADO;Auditoria;7186,71;08/06/2026
DOC002684;RECUSADO;Diretoria;857,58;01/08/2026
DOC002685;PENDENTE;Diretoria;3510,82;03/07/2026
DOC002686;APROVADO;Auditoria;1436,09;08/06/2026
DOC002687;EM ANALISE;Diretoria;4529,99;19/06/2026
DOC002688;PENDENTE;Operações;4314,27;18/07/2026
DOC002689;EM ANALISE;Auditoria;4624,57;09/06/2026
DOC002690;APROVADO;Diretoria;3891,13;11/01/2026
DOC002691;EM ANALISE;Operações;3658,53;21/08/2026
DOC002692;EM ANALISE;Auditoria;4546,69;09/03/2026
DOC002693;RECUSADO;Operações;5939,27;23/08/2026
DOC002694;PENDENTE;Auditoria;8292,98;14/07/2026
DOC002695;EM ANALISE;Diretoria;935,62;18/07/2026
DOC002696;EM ANALISE;Operações;1492,46;19/02/2026
DOC002697;PENDENTE;Diretoria;2800,41;01/05/2026
DOC002698;PENDENTE;Auditoria;1868,43;07/01/2026
DOC002699;EM ANALISE;Auditoria;7341,04;27/05/2026
DOC002700;RECUSADO;Diretoria;889,35;07/05/2026
DOC002701;PENDENTE;Operações;6435,77;24/04/2026
DOC002702;EM ANALISE;Operações;6836,11;21/01/2026
DOC002703;RECUSADO;Diretoria;2661,10;26/02/2026
DOC002704;EM ANALISE;Auditoria;8176,25;07/08/2026
DOC002705;PENDENTE;Diretoria;4597,82;22/02/2026
DOC002706;EM ANALISE;Diretoria;7341,16;28/06/2026
DOC002707;APROVADO;Auditoria;2186,30;21/04/2026
DOC002708;PENDENTE;Operações;1211,52;06/02/2026
DOC002709;PENDENTE;Diretoria;3727,78;06/01/2026
DOC002710;PENDENTE;Auditoria;2684,81;10/07/2026
DOC002711;RECUSADO;Auditoria;4919,34;14/03/2026
DOC002712;PENDENTE;Diretoria;4892,77;20/08/2026
DOC002713;APROVADO;Diretoria;1442,86;15/09/2026
DOC002714;RECUSADO;Auditoria;3095,43;08/08/2026
DOC002715;PENDENTE;Diretoria;7720,23;10/01/2026
DOC002716;PENDENTE;Diretoria;5246,36;16/07/2026
DOC002717;PENDENTE;Operações;5794,12;07/02/2026
DOC002718;PENDENTE;Operações;7398,07;02/05/2026
DOC002719;RECUSADO;Diretoria;7034,51;28/06/2026
DOC002720;PENDENTE;Auditoria;6565,27;07/03/2026
DOC002721;EM ANALISE;Auditoria;5900,47;24/02/2026
DOC002722;EM ANALISE;Operações;8100,16;18/01/2026
DOC002723;PENDENTE;Operações;1878,63;06/09/2026
DOC002724;EM ANALISE;Diretoria;7468,54;06/09/2026
DOC002725;APROVADO;Operações;7335,20;24/02/2026
DOC002726;PENDENTE;Diretoria;6305,35;27/09/2026
DOC002727;APROVADO;Operações;6028,51;09/07/2026
DOC002728;RECUSADO;Diretoria;5595,29;26/06/2026
DOC002729;RECUSADO;Operações;8374,96;04/09/2026
DOC002730;PENDENTE;Auditoria;4006,08;07/03/2026
DOC002731;EM ANALISE;Diretoria;7314,30;02/09/2026
DOC002732;PENDENTE;Diretoria;6600,39;16/08/2026
DOC002733;PENDENTE;Operações;7687,81;04/07/2026
DOC002734;APROVADO;Operações;547,06;07/02/2026
DOC002735;RECUSADO;Auditoria;8355,08;09/08/2026
DOC002736;PENDENTE;Diretoria;2466,84;17/08/2026
DOC002737;PENDENTE;Auditoria;4776,38;28/05/2026
DOC002738;EM ANALISE;Auditoria;984,45;17/08/2026
DOC002739;EM ANALISE;Auditoria;8122,23;11/08/2026
DOC002740;APROVADO;Auditoria;3783,51;01/02/2026
DOC002741;APROVADO;Operações;3528,90;01/08/2026
DOC002742;RECUSADO;Operações;7100,86;20/02/2026
DOC002743;RECUSADO;Operações;3257,79;07/02/2026
DOC002744;PENDENTE;Diretoria;3970,61;07/06/2026
DOC002745;APROVADO;Diretoria;2471,86;13/02/2026
DOC002746;EM ANALISE;Auditoria;2799,35;28/02/2026
DOC002747;RECUSADO;Diretoria;621,95;18/02/2026
DOC002748;PENDENTE;Operações;8156,59;20/02/2026
DOC002749;APROVADO;Operações;7396,19;04/09/2026
DOC002750;PENDENTE;Diretoria;579,54;06/01/2026
DOC002751;EM ANALISE;Operações;5249,34;04/05/2026
DOC002752;APROVADO;Operações;8300,60;02/08/2026
DOC002753;RECUSADO;Diretoria;5171,76;24/03/2026
DOC002754;APROVADO;Diretoria;8410,20;27/03/2026
DOC002755;RECUSADO;Diretoria;3290,44;13/08/2026
DOC002756;EM ANALISE;Diretoria;3821,41;03/02/2026
DOC002757;RECUSADO;Auditoria;2486,29;22/06/2026
DOC002758;APROVADO;Diretoria;7838,20;22/06/2026
DOC002759;PENDENTE;Auditoria;4170,29;06/06/2026
DOC002760;RECUSADO;Auditoria;8031,36;24/03/2026
DOC002761;EM ANALISE;Diretoria;1864,37;27/06/2026
DOC002762;EM ANALISE;Diretoria;4794,04;11/05/2026
DOC002763;EM ANALISE;Diretoria;5266,43;25/09/2026
DOC002764;EM ANALISE;Operações;1660,71;10/01/2026
DOC002765;RECUSADO;Auditoria;2948,81;08/07/2026
DOC002766;PENDENTE;Auditoria;3835,00;06/08/2026
DOC002767;EM ANALISE;Diretoria;5921,15;02/09/2026
DOC002768;EM ANALISE;Auditoria;5564,95;27/01/2026
DOC002769;EM ANALISE;Auditoria;4485,03;17/01/2026
DOC002770;APROVADO;Operações;8112,06;08/05/2026
DOC002771;RECUSADO;Diretoria;6465,43;23/03/2026
DOC002772;APROVADO;Operações;1109,98;07/09/2026
DOC002773;PENDENTE;Auditoria;2989,34;24/07/2026
DOC002774;RECUSADO;Operações;5659,48;06/02/2026
DOC002775;EM ANALISE;Operações;374,13;09/03/2026
DOC002776;PENDENTE;Operações;6796,92;26/06/2026
DOC002777;PENDENTE;Diretoria;1699,63;17/04/2026
DOC002778;PENDENTE;Operações;4722,84;15/08/2026
DOC002779;RECUSADO;Auditoria;2388,46;11/03/2026
DOC002780;EM ANALISE;Diretoria;3645,63;05/04/2026
DOC002781;PENDENTE;Diretoria;920,88;20/03/2026
DOC002782;PENDENTE;Auditoria;4170,12;23/08/2026
DOC002783;APROVADO;Diretoria;2412,95;08/01/2026
DOC002784;EM ANALISE;Auditoria;4290,33;11/05/2026
DOC002785;PENDENTE;Operações;1546,19;24/06/2026
DOC002786;EM ANALISE;Auditoria;1200,31;24/02/2026
DOC002787;EM ANALISE;Diretoria;2847,15;21/06/2026
DOC002788;APROVADO;Auditoria;6448,41;02/05/2026
DOC002789;EM ANALISE;Diretoria;2439,70;25/09/2026
DOC002790;PENDENTE;Auditoria;7239,86;11/02/2026
DOC002791;PENDENTE;Diretoria;6788,80;13/01/2026
DOC002792;EM ANALISE;Operações;5897,62;18/04/2026
DOC002793;RECUSADO;Auditoria;6475,58;26/05/2026
DOC002794;RECUSADO;Diretoria;2736,13;07/06/2026
DOC002795;EM ANALISE;Diretoria;4218,44;09/02/2026
DOC002796;APROVADO;Diretoria;2551,13;19/05/2026
DOC002797;RECUSADO;Auditoria;7376,04;04/06/2026
DOC002798;EM ANALISE;Operações;5740,13;13/05/2026
DOC002799;PENDENTE;Auditoria;590,41;21/09/2026
DOC002800;PENDENTE;Auditoria;4008,66;26/08/2026
DOC002801;APROVADO;Diretoria;6876,32;10/05/2026
DOC002802;EM ANALISE;Operações;6327,75;17/07/2026
DOC002803;EM ANALISE;Auditoria;6466,15;11/09/2026
DOC002804;EM ANALISE;Operações;5154,22;17/07/2026
DOC002805;EM ANALISE;Diretoria;150,02;10/06/2026
DOC002806;EM ANALISE;Auditoria;3017,31;23/06/2026
DOC002807;EM ANALISE;Diretoria;5287,40;20/05/2026
DOC002808;RECUSADO;Diretoria;7302,55;24/09/2026
DOC002809;APROVADO;Operações;7963,25;14/07/2026
DOC002810;EM ANALISE;Auditoria;7895,09;05/08/2026
DOC002811;PENDENTE;Operações;3221,82;05/09/2026
DOC002812;EM ANALISE;Diretoria;2355,49;20/09/2026
DOC002813;PENDENTE;Diretoria;1165,64;16/06/2026
DOC002814;PENDENTE;Operações;1777,19;15/09/2026
DOC002815;APROVADO;Diretoria;3815,46;01/09/2026
DOC002816;EM ANALISE;Operações;4687,63;15/06/2026
DOC002817;RECUSADO;Diretoria;5635,65;16/07/2026
DOC002818;PENDENTE;Diretoria;4183,20;08/06/2026
DOC002819;EM ANALISE;Auditoria;1395,43;22/08/2026
DOC002820;APROVADO;Auditoria;2709,51;26/01/2026
DOC002821;APROVADO;Auditoria;5209,93;03/02/2026
DOC002822;RECUSADO;Auditoria;2937,74;13/09/2026
DOC002823;APROVADO;Auditoria;3725,02;22/06/2026
DOC002824;RECUSADO;Operações;7502,28;05/02/2026
DOC002825;APROVADO;Auditoria;1333,39;02/02/2026
DOC002826;APROVADO;Auditoria;5376,54;19/01/2026
DOC002827;PENDENTE;Diretoria;6797,15;22/05/2026
DOC002828;EM ANALISE;Diretoria;6765,96;28/03/2026
DOC002829;RECUSADO;Auditoria;2186,76;12/05/2026
DOC002830;RECUSADO;Operações;4156,41;10/08/2026
DOC002831;EM ANALISE;Auditoria;4726,18;02/09/2026
DOC002832;RECUSADO;Auditoria;2327,33;13/07/2026
DOC002833;EM ANALISE;Operações;3955,41;18/05/2026
DOC002834;APROVADO;Auditoria;4138,27;25/02/2026
DOC002835;PENDENTE;Auditoria;7870,10;11/04/2026
DOC002836;APROVADO;Diretoria;5044,82;08/01/2026
DOC002837;APROVADO;Auditoria;1786,65;19/09/2026
DOC002838;RECUSADO;Diretoria;7973,74;25/08/2026
DOC002839;PENDENTE;Operações;5806,75;15/01/2026
DOC002840;EM ANALISE;Diretoria;5578,97;01/09/2026
DOC002841;PENDENTE;Auditoria;6690,49;18/01/2026
DOC002842;EM ANALISE;Auditoria;5823,25;28/07/2026
DOC002843;EM ANALISE;Operações;7850,07;15/01/2026
DOC002844;RECUSADO;Auditoria;842,71;09/05/2026
DOC002845;EM ANALISE;Operações;6932,64;06/08/2026
DOC002846;APROVADO;Auditoria;2003,56;23/08/2026
DOC002847;APROVADO;Operações;7986,77;16/04/2026
DOC002848;APROVADO;Diretoria;7348,50;16/08/2026
DOC002849;EM ANALISE;Auditoria;6391,63;08/02/2026
DOC002850;APROVADO;Auditoria;1669,36;24/02/2026
DOC002851;EM ANALISE;Auditoria;2277,72;15/07/2026
DOC002852;EM ANALISE;Auditoria;7607,32;23/06/2026
DOC002853;EM ANALISE;Auditoria;3444,30;04/01/2026
DOC002854;APROVADO;Diretoria;5253,73;06/06/2026
DOC002855;EM ANALISE;Operações;8180,14;28/08/2026
DOC002856;APROVADO;Operações;6415,47;17/01/2026
DOC002857;RECUSADO;Operações;3344,95;04/04/2026
DOC002858;RECUSADO;Diretoria;2664,22;19/03/2026
DOC002859;APROVADO;Operações;1458,41;05/06/2026
DOC002860;APROVADO;Auditoria;5988,05;22/06/2026
DOC002861;PENDENTE;Diretoria;3602,18;07/08/2026
DOC002862;EM ANALISE;Diretoria;2242,04;04/05/2026
DOC002863;RECUSADO;Diretoria;7209,97;27/09/2026
DOC002864;RECUSADO;Auditoria;1901,41;24/02/2026
DOC002865;PENDENTE;Auditoria;3821,80;16/08/2026
DOC002866;RECUSADO;Diretoria;3395,21;19/05/2026
DOC002867;EM ANALISE;Operações;1706,36;08/09/2026
DOC002868;PENDENTE;Auditoria;2896,37;07/01/2026
DOC002869;APROVADO;Auditoria;6013,27;08/05/2026
DOC002870;EM ANALISE;Auditoria;401,59;19/06/2026
DOC002871;EM ANALISE;Operações;7330,10;20/02/2026
DOC002872;RECUSADO;Diretoria;3327,07;19/07/2026
DOC002873;EM ANALISE;Auditoria;6445,59;25/01/2026
DOC002874;RECUSADO;Diretoria;814,73;22/08/2026
DOC002875;RECUSADO;Diretoria;4372,98;08/06/2026
DOC002876;APROVADO;Operações;1359,12;15/01/2026
DOC002877;APROVADO;Operações;278,13;18/08/2026
DOC002878;RECUSADO;Operações;7197,21;27/04/2026
DOC002879;PENDENTE;Diretoria;3968,06;22/03/2026
DOC002880;RECUSADO;Auditoria;6898,23;26/08/2026
DOC002881;EM ANALISE;Operações;3857,93;23/09/2026
DOC002882;RECUSADO;Operações;4849,46;11/05/2026
DOC002883;RECUSADO;Auditoria;5718,57;02/03/2026
DOC002884;RECUSADO;Auditoria;4403,29;27/05/2026
DOC002885;PENDENTE;Operações;6034,79;04/09/2026
DOC002886;RECUSADO;Diretoria;4959,82;21/01/2026
DOC002887;PENDENTE;Auditoria;1882,95;24/05/2026
DOC002888;RECUSADO;Diretoria;335,60;27/01/2026
DOC002889;EM ANALISE;Auditoria;5442,53;26/05/2026
DOC002890;RECUSADO;Diretoria;4987,87;26/04/2026
DOC002891;PENDENTE;Auditoria;6132,62;26/03/2026
DOC002892;APROVADO;Operações;4628,21;01/04/2026
DOC002893;APROVADO;Auditoria;4107,83;26/01/2026
DOC002894;PENDENTE;Auditoria;6842,58;10/05/2026
DOC002895;RECUSADO;Diretoria;6021,08;10/02/2026
DOC002896;APROVADO;Operações;2554,50;17/06/2026
DOC002897;APROVADO;Diretoria;2766,70;23/03/2026
DOC002898;APROVADO;Operações;5836,17;01/05/2026
DOC002899;PENDENTE;Diretoria;201,05;21/01/2026
DOC002900;EM ANALISE;Operações;6617,30;12/04/2026
DOC002901;APROVADO;Operações;7407,89;03/01/2026
DOC002902;APROVADO;Diretoria;4141,52;14/04/2026
DOC002903;APROVADO;Auditoria;134,26;27/06/2026
DOC002904;EM ANALISE;Auditoria;7635,42;04/06/2026
DOC002905;PENDENTE;Diretoria;7935,90;18/05/2026
DOC002906;EM ANALISE;Auditoria;5576,80;01/08/2026
DOC002907;APROVADO;Diretoria;6894,28;13/06/2026
DOC002908;APROVADO;Operações;3878,59;26/05/2026
DOC002909;APROVADO;Auditoria;1580,31;15/02/2026
DOC002910;EM ANALISE;Operações;5441,17;09/08/2026
DOC002911;PENDENTE;Auditoria;6685,99;19/05/2026
DOC002912;PENDENTE;Auditoria;3589,58;08/07/2026
DOC002913;PENDENTE;Operações;4499,80;10/08/2026
DOC002914;PENDENTE;Operações;8050,26;02/09/2026
DOC002915;RECUSADO;Diretoria;6623,33;19/06/2026
DOC002916;EM ANALISE;Operações;924,32;19/08/2026
DOC002917;PENDENTE;Auditoria;3976,02;27/04/2026
DOC002918;PENDENTE;Diretoria;573,13;06/04/2026
DOC002919;RECUSADO;Auditoria;3133,29;22/06/2026
DOC002920;RECUSADO;Operações;1749,27;01/06/2026
DOC002921;APROVADO;Auditoria;7004,85;28/04/2026
DOC002922;PENDENTE;Operações;3085,28;04/07/2026
DOC002923;EM ANALISE;Operações;1997,15;03/03/2026
DOC002924;APROVADO;Operações;1341,33;06/01/2026
DOC002925;APROVADO;Diretoria;698,30;04/06/2026
DOC002926;RECUSADO;Diretoria;923,14;04/07/2026
DOC002927;APROVADO;Operações;6562,21;11/01/2026
DOC002928;PENDENTE;Operações;1663,48;27/07/2026
DOC002929;EM ANALISE;Operações;4875,27;23/09/2026
DOC002930;RECUSADO;Auditoria;3678,11;17/03/2026
DOC002931;APROVADO;Auditoria;7940,27;14/04/2026
DOC002932;APROVADO;Auditoria;5702,06;02/04/2026
DOC002933;RECUSADO;Diretoria;595,85;27/09/2026
DOC002934;EM ANALISE;Diretoria;4792,54;12/05/2026
DOC002935;EM ANALISE;Diretoria;476,99;22/08/2026
DOC002936;EM ANALISE;Diretoria;1536,32;17/01/2026
DOC002937;APROVADO;Auditoria;6144,73;16/03/2026
DOC002938;RECUSADO;Operações;3989,68;19/03/2026
DOC002939;APROVADO;Diretoria;3523,26;20/06/2026
DOC002940;APROVADO;Operações;3433,10;01/09/2026
DOC002941;APROVADO;Auditoria;8237,80;24/05/2026
DOC002942;RECUSADO;Operações;3870,95;24/09/2026
DOC002943;APROVADO;Diretoria;1451,38;24/05/2026
DOC002944;APROVADO;Operações;7868,59;05/01/2026
DOC002945;RECUSADO;Auditoria;7889,90;13/06/2026
DOC002946;EM ANALISE;Auditoria;334,93;01/08/2026
DOC002947;PENDENTE;Auditoria;5908,84;23/06/2026
DOC002948;APROVADO;Operações;1458,18;23/01/2026
DOC002949;APROVADO;Auditoria;115,19;12/03/2026
DOC002950;APROVADO;Diretoria;1530,17;12/05/2026
DOC002951;RECUSADO;Auditoria;8348,95;13/06/2026
DOC002952;RECUSADO;Operações;3891,93;23/02/2026
DOC002953;APROVADO;Operações;2457,41;17/06/2026
DOC002954;EM ANALISE;Diretoria;1388,76;13/07/2026
DOC002955;PENDENTE;Auditoria;3903,29;14/07/2026
DOC002956;EM ANALISE;Operações;1086,99;03/03/2026
DOC002957;EM ANALISE;Auditoria;6562,57;20/01/2026
DOC002958;RECUSADO;Auditoria;2774,82;22/09/2026
DOC002959;APROVADO;Operações;3914,29;04/02/2026
DOC002960;APROVADO;Diretoria;5575,46;11/06/2026
DOC002961;RECUSADO;Operações;7102,94;21/09/2026
DOC002962;APROVADO;Operações;4537,27;21/09/2026
DOC002963;PENDENTE;Operações;7845,94;24/01/2026
DOC002964;RECUSADO;Auditoria;1977,87;11/08/2026
DOC002965;RECUSADO;Operações;3971,46;06/01/2026
DOC002966;PENDENTE;Auditoria;7933,75;07/06/2026
DOC002967;EM ANALISE;Operações;7147,09;18/01/2026
DOC002968;RECUSADO;Diretoria;3311,77;17/02/2026
DOC002969;EM ANALISE;Auditoria;3920,81;02/04/2026
DOC002970;EM ANALISE;Auditoria;2348,45;19/08/2026
DOC002971;APROVADO;Auditoria;6453,28;05/01/2026
DOC002972;RECUSADO;Operações;2305,00;09/08/2026
DOC002973;PENDENTE;Diretoria;7303,35;23/03/2026
DOC002974;APROVADO;Auditoria;3401,03;13/08/2026
DOC002975;EM ANALISE;Operações;5228,08;03/02/2026
DOC002976;PENDENTE;Operações;5547,69;01/07/2026
DOC002977;APROVADO;Operações;7601,04;25/01/2026
DOC002978;EM ANALISE;Auditoria;208,37;06/09/2026
DOC002979;RECUSADO;Operações;7380,83;15/09/2026
DOC002980;EM ANALISE;Diretoria;7157,09;14/04/2026
DOC002981;PENDENTE;Diretoria;1394,71;07/01/2026
DOC002982;EM ANALISE;Diretoria;3642,13;22/04/2026
DOC002983;APROVADO;Diretoria;1858,93;28/08/2026
DOC002984;APROVADO;Auditoria;4561,03;13/02/2026
DOC002985;EM ANALISE;Auditoria;5160,84;14/02/2026
DOC002986;APROVADO;Operações;7821,12;14/01/2026
DOC002987;EM ANALISE;Auditoria;7634,12;11/07/2026
DOC002988;PENDENTE;Diretoria;1805,00;17/05/2026
DOC002989;EM ANALISE;Diretoria;5006,66;20/04/2026
DOC002990;APROVADO;Diretoria;6917,19;20/04/2026
DOC002991;RECUSADO;Operações;5158,74;13/06/2026
DOC002992;PENDENTE;Diretoria;4252,78;28/02/2026
DOC002993;EM ANALISE;Operações;3530,25;23/04/2026
DOC002994;EM ANALISE;Auditoria;6887,53;28/08/2026
DOC002995;RECUSADO;Auditoria;6516,44;21/07/2026
DOC002996;RECUSADO;Auditoria;7124,39;11/01/2026
DOC002997;EM ANALISE;Diretoria;4734,86;09/02/2026
DOC002998;APROVADO;Auditoria;4860,03;08/05/2026
DOC002999;PENDENTE;Operações;3918,17;22/07/2026
